id,first_name,last_name,email,phone,card_number,card_type,card_expiration_date,card_delivery_bank
1,Jeffy,MacNockater,jmacnockater0@google.it,765-996-4241,3547258593318056,jcb,2026-12-04,"Fritsch, Maggio and Dickinson"
2,Theressa,D'eath,tdeath1@sina.com.cn,657-629-8419,5010124453207610,mastercard,2026-02-11,Metz Inc
3,Reagan,Hayler,rhayler2@bbb.org,564-699-3549,3551904065618068,jcb,2026-06-02,Bashirian-Larkin
4,Vivyan,Lissaman,vlissaman3@abc.net.au,962-337-4991,4508671304156703,visa-electron,2025-04-17,"Sawayn, Jenkins and Hauck"
5,Tommy,Kapiloff,tkapiloff4@accuweather.com,635-311-2377,,diners-club-carte-blanche,2025-05-03,Nolan Group
6,Theo,Scarce,tscarce5@t.co,997-698-7284,30349883295110,diners-club-carte-blanche,2025-03-06,Herman-Padberg
7,Euell,Squires,esquires6@japanpost.jp,673-269-0247,3575214826320893,jcb,2025-07-19,Smitham-Bosco
8,Maximilian,Skippen,mskippen7@telegraph.co.uk,263-527-8585,3550074519137478,jcb,2026-03-07,Goldner LLC
9,Marleah,Krinks,mkrinks8@timesonline.co.uk,535-265-2386,,jcb,2026-08-25,"Auer, Barrows and Grant"
10,Dell,Schenfisch,dschenfisch9@fda.gov,789-782-5718,5100170132261982,mastercard,2026-06-07,Weimann-Gorczany
11,Casie,Nashe,cnashea@sakura.ne.jp,,3546786013571749,jcb,2025-02-23,Hilll-Kshlerin
12,Kippy,Dan,kdanb@tiny.cc,228-107-6582,4017958301182152,visa,2025-03-04,Welch Group
13,Gloriane,Geockle,ggeocklec@com.com,954-442-7674,3530625967786085,jcb,2026-03-28,Conroy Inc
14,Gustav,Deer,gdeerd@4shared.com,487-396-5184,5641825890584505302,switch,2026-08-10,Batz-Gutmann
15,Matty,Alesi,malesie@army.mil,,3532628823674865,jcb,2025-06-16,"Wilderman, Lesch and Jacobs"
16,Lacey,O' Donohoe,lodonohoef@opera.com,767-630-2869,5602256266758373,china-unionpay,2026-06-07,"Kassulke, Leannon and Towne"
17,Neala,Imlin,nimling@i2i.jp,543-577-3556,5100146750023532,mastercard,2026-06-01,"Shields, Little and Daniel"
18,Zack,Comolli,zcomollih@ted.com,632-240-7652,337941500470785,americanexpress,2025-02-21,Pouros and Sons
19,Veronike,Arnell,varnelli@bloomberg.com,912-398-0259,676340032408014222,maestro,2026-02-18,Hamill Inc
20,Darius,Geibel,dgeibelj@unesco.org,435-563-4341,3570633316119074,jcb,2025-09-28,O'Reilly-Reichel
21,Jo-anne,McCreadie,jmccreadiek@vkontakte.ru,348-244-6899,6384209844807651,instapayment,2025-10-10,O'Kon Inc
22,Minetta,MacDunleavy,mmacdunleavyl@clickbank.net,339-948-0999,374288114356826,americanexpress,2025-10-08,Erdman Inc
23,Tanitansy,Vannuccini,tvannuccinim@ft.com,905-475-8878,3571124355372484,jcb,2026-11-29,Glover and Sons
24,Dulcinea,Enden,dendenn@earthlink.net,520-596-7866,6759971745450048723,maestro,2025-05-29,Champlin-Kohler
25,Paulie,Girardot,pgirardoto@google.es,268-818-9815,3565403494117234,jcb,2026-07-07,Mitchell Inc
26,Arly,Schrinel,aschrinelp@hostgator.com,132-357-9206,5475801210370975,mastercard,2025-09-02,Rau Inc
27,Oberon,McQuaide,omcquaideq@google.ru,854-465-3642,3561328085167807,jcb,2026-04-05,"Rowe, Fadel and Predovic"
28,Brigid,Sappy,bsappyr@behance.net,836-622-7492,4844031130367060,visa-electron,2026-06-30,Lubowitz LLC
29,Inessa,Loadman,iloadmans@oracle.com,,4041595753589458,visa,2026-02-10,Fay-Mante
30,Amelia,Glasheen,aglasheent@si.edu,574-288-5973,56022128911345754,china-unionpay,2025-01-12,"Ryan, Schamberger and Bruen"
31,Florina,Lope,flopeu@purevolume.com,928-571-3706,6333604503608295,switch,2025-08-24,"Hodkiewicz, Grant and Marquardt"
32,Booth,Conibeer,bconibeerv@xing.com,911-761-0522,5602224302366627,bankcard,2026-10-25,Stokes LLC
33,Corrie,Hugonin,,403-530-0234,3587435651856216,jcb,2025-09-27,"Ritchie, Hayes and Mann"
34,Byrle,Amthor,bamthorx@blogger.com,655-885-7650,5038513713192505,maestro,2026-10-28,Marquardt-Hayes
35,Isabel,Axtonne,iaxtonney@liveinternet.ru,465-449-4537,3576194793573345,jcb,2026-06-30,Okuneva and Sons
36,Algernon,Pakenham,apakenhamz@smugmug.com,351-304-5223,30127342012684,diners-club-carte-blanche,2026-05-09,"Roob, Sawayn and Frami"
37,Regan,Denniston,rdenniston10@xrea.com,890-179-9865,3564035080265430,jcb,2026-07-22,Heathcote-Leannon
38,Merl,Loreit,mloreit11@trellian.com,870-507-1558,4405448716296987,visa-electron,2026-10-04,"Sauer, Deckow and Dicki"
39,Matilda,Truett,mtruett12@shinystat.com,594-320-6404,3531200659965105,jcb,2026-08-11,"O'Connell, Mueller and Waters"
40,Wilfred,Eick,weick13@parallels.com,422-210-9583,5893150798232544,maestro,2025-07-03,Hauck-Reilly
41,Mirelle,Emsley,memsley14@vkontakte.ru,584-511-8192,3548187206514430,jcb,2025-09-14,"Langworth, Schoen and Hodkiewicz"
42,Kelly,Pye,kpye15@wunderground.com,100-316-1003,3532633434162730,jcb,2025-01-07,Dickinson and Sons
43,Daloris,Altree,daltree16@home.pl,925-374-3413,5559566843503818,mastercard,2026-09-20,"Veum, Kohler and King"
44,Bernadine,Haeslier,bhaeslier17@yellowpages.com,102-212-1004,4175004884557219,visa-electron,2026-10-13,"Koelpin, Romaguera and Kirlin"
45,Lauryn,Naldrett,lnaldrett18@webs.com,580-661-4767,374622812833712,americanexpress,2026-10-17,Shanahan-Gulgowski
46,Beryl,Taye,,744-135-6089,30371936677029,diners-club-carte-blanche,2025-03-02,"Cassin, Quitzon and Lowe"
47,Denna,Bantham,dbantham1a@yolasite.com,285-500-2748,3578138566333815,jcb,2025-02-17,"Schowalter, Nikolaus and Jaskolski"
48,Joseph,Pechet,jpechet1b@sfgate.com,314-290-3842,3546112913581011,jcb,2026-06-29,"Fisher, Pfeffer and Kreiger"
49,Ida,Churchley,ichurchley1c@privacy.gov.au,,4017952481659261,visa,2025-11-13,"O'Connell, Murazik and Schneider"
50,Sutherland,Speare,sspeare1d@marriott.com,353-488-5045,5610528827063448,bankcard,2026-05-07,Heller-Mosciski
51,Jillian,Fairbourn,jfairbourn1e@booking.com,331-118-0762,3557571711933797,jcb,2026-05-03,Hoeger Group
52,Gennie,Wythill,gwythill1f@narod.ru,893-137-8147,343876900839712,americanexpress,2026-09-18,"Bauch, Pagac and Haag"
53,Neysa,Gallant,ngallant1g@blogs.com,649-980-6081,5010126588388843,mastercard,2026-08-16,Hyatt Inc
54,Martie,Wrigley,mwrigley1h@mtv.com,,6706786933370149963,laser,2026-11-26,Hane and Sons
55,Haley,Birdwhistell,hbirdwhistell1i@home.pl,260-696-2337,3552956041750349,jcb,2025-07-26,Breitenberg-Turcotte
56,Waly,Gerrell,wgerrell1j@jalbum.net,186-383-7533,201578058699572,diners-club-enroute,2025-03-26,"Durgan, Kunde and Olson"
57,Addy,Pullen,apullen1k@mozilla.com,296-124-8777,3542261799093304,jcb,2025-04-15,Kerluke-Homenick
58,Ivie,Quinane,iquinane1l@odnoklassniki.ru,902-638-8149,0604942032588694,maestro,2025-01-29,Cormier-Kozey
59,Madelene,Sorsby,msorsby1m@dion.ne.jp,541-653-3404,5100136101825420,mastercard,2026-12-28,"Cruickshank, Beatty and Bednar"
60,Devi,Giraudot,,393-159-0543,3582425077347424,jcb,2025-08-27,"Heaney, Lynch and Kling"
61,Aindrea,Jukubczak,ajukubczak1o@i2i.jp,,3577835642604512,jcb,2026-10-05,Ryan LLC
62,Bordy,Harrema,bharrema1p@guardian.co.uk,350-295-4333,3579569710941534,jcb,2026-08-17,Senger-Hilpert
63,Issi,Tantrum,itantrum1q@soundcloud.com,346-983-5973,4041594001745,visa,2025-12-04,Huels Group
64,Hobey,Pettican,hpettican1r@rediff.com,944-353-4670,3553682408439842,jcb,2025-12-12,"Pacocha, Klocko and Dickinson"
65,Francesco,Chettoe,fchettoe1s@hugedomains.com,985-306-1672,3529045919075144,jcb,2025-12-23,Mosciski LLC
66,Juli,Simkins,jsimkins1t@army.mil,869-643-9783,5537177972465519,mastercard,2026-02-19,Feeney-Murphy
67,Valenka,Maunders,vmaunders1u@stumbleupon.com,887-798-9531,6334244619038803037,solo,2026-08-19,"Koch, Runte and Lubowitz"
68,Mikael,Ferrick,mferrick1v@microsoft.com,840-688-0749,6304866084873904,laser,2026-10-17,McLaughlin and Sons
69,Rosetta,Stickins,rstickins1w@e-recht24.de,721-381-3583,5602235016646076480,china-unionpay,2026-11-05,Effertz LLC
70,Erin,Hurdwell,ehurdwell1x@yahoo.co.jp,244-311-4389,3531993406758316,jcb,2026-04-05,Collins-Pfannerstill
71,Doro,Morillas,dmorillas1y@cbc.ca,330-261-8675,3573521953484306,jcb,2025-11-07,Volkman Inc
72,Alie,Pedley,apedley1z@smh.com.au,664-362-5430,201673055389184,diners-club-enroute,2025-12-01,Larkin-Schuster
73,Mervin,Sahnow,msahnow20@moonfruit.com,499-308-5876,3561930152631514,jcb,2025-09-22,"Pouros, Herman and Hane"
74,Asher,Cowin,acowin21@deviantart.com,874-186-8085,3555567224323288,jcb,2025-07-20,Ziemann-Schimmel
75,Dwain,Harmour,dharmour22@npr.org,,4911364351728591257,switch,2026-03-04,Glover and Sons
76,Andre,Carles,acarles23@oaic.gov.au,,201634074246672,diners-club-enroute,2025-03-17,Sanford-Yost
77,Daryle,Hooks,dhooks24@usa.gov,795-403-3701,201591632814161,diners-club-enroute,2025-10-31,Buckridge-Fisher
78,Errick,Knight,eknight25@mediafire.com,613-916-8953,3538335685752045,jcb,2025-06-09,"Cole, Schamberger and Blick"
79,Eliza,Johanssen,ejohanssen26@mediafire.com,410-589-2583,5020087382811000,maestro,2025-04-05,DuBuque-Simonis
80,Trixie,Benion,tbenion27@w3.org,923-779-8967,4508808711730197,visa-electron,2026-02-15,Murphy-Sipes
81,Tobie,Sirette,tsirette28@1688.com,885-135-6283,3559166184697603,jcb,2026-06-11,Gerhold and Sons
82,Elga,Licquorish,,937-216-5057,491170819969837408,switch,2026-05-27,Feeney-Cormier
83,Vanya,Hassin,,188-810-2014,3545464402593648,jcb,2025-06-04,Fadel-Muller
84,Carmel,Payfoot,cpayfoot2b@example.com,525-914-9244,5038775025867567,maestro,2026-05-08,Denesik and Sons
85,Fidelity,Ennion,fennion2c@hubpages.com,432-537-4636,6378339152642263,instapayment,2025-10-14,Weissnat-Fritsch
86,Sanders,Van Dalen,svandalen2d@prlog.org,493-240-5807,676154465611540564,maestro,2026-04-07,Hand-Schamberger
87,Madeleine,Ledekker,mledekker2e@mozilla.com,758-812-7907,5048379886631523,mastercard,2025-04-13,Gorczany-Smitham
88,Karina,Antrim,kantrim2f@dailymotion.com,,5602245845043640953,china-unionpay,2025-08-05,"Jast, King and Halvorson"
89,Marybelle,Ferreli,mferreli2g@deviantart.com,855-699-0566,0604027782326410,maestro,2026-08-06,"Huel, Ferry and Bergnaum"
90,Gardener,Growden,,354-964-9904,3554500816507142,jcb,2025-10-03,Pacocha Group
91,Nye,Muckle,nmuckle2i@nih.gov,914-379-7429,6709233083419573998,laser,2026-09-01,Russel-Will
92,Dav,Elliott,delliott2j@tinypic.com,418-520-3132,3540984068548474,jcb,2026-11-06,"Willms, Wolff and VonRueden"
93,Renell,Sykes,rsykes2k@netscape.com,128-912-3110,3530914646376173,jcb,2025-05-10,Feil-Corkery
94,Gianina,Comber,,591-156-6224,3581118588225012,jcb,2026-08-18,"Strosin, Langworth and Kulas"
95,Corene,Luchelli,cluchelli2m@sitemeter.com,186-236-8692,5602243840415522,bankcard,2025-01-12,"Simonis, Keebler and Rosenbaum"
96,Robinetta,Sire,rsire2n@indiatimes.com,481-199-8232,201549494090957,diners-club-enroute,2026-05-03,Feil-Schuster
97,Sheppard,Gero,sgero2o@google.com.hk,985-379-1815,3529039306062179,jcb,2026-02-20,"Strosin, Swift and Boyer"
98,Mercie,Abrahart,mabrahart2p@ca.gov,989-500-2933,6759090440677920971,switch,2025-05-17,Raynor-Farrell
99,Faustina,Crosdill,fcrosdill2q@ifeng.com,421-576-0603,633351250478877446,switch,2025-08-03,Stroman-Mayert
100,Dimitry,Allsebrook,dallsebrook2r@skype.com,653-915-5457,3565860027787470,jcb,2026-10-24,Heaney and Sons
101,Lynette,Parke,lparke2s@over-blog.com,297-662-3007,4917284448907729,visa-electron,2025-11-14,O'Reilly-Dach
102,Carree,Simonett,csimonett2t@prnewswire.com,696-531-4446,3586588045918901,jcb,2025-11-13,Ratke-Hahn
103,Hannis,Jasik,hjasik2u@posterous.com,544-505-8127,5435809504050525,diners-club-us-ca,2026-01-16,Dicki-Hermann
104,Giralda,Biernat,gbiernat2v@springer.com,756-875-9069,,jcb,2026-09-24,"Heathcote, Waelchi and Erdman"
105,Ginni,Lochrie,glochrie2w@va.gov,537-481-0738,,jcb,2026-11-26,Ratke-Kuhn
106,Batholomew,Fellows,bfellows2x@gnu.org,749-654-2788,4913614104895848,visa-electron,2025-03-11,Adams LLC
107,Josh,Bang,jbang2y@jugem.jp,557-693-4385,490572286538801867,switch,2026-10-29,Fisher Inc
108,Jorry,Snewin,jsnewin2z@wp.com,605-150-4839,5108758438388590,mastercard,2025-04-09,Feil LLC
109,Benjy,Scain,bscain30@ed.gov,,5295558445737885,mastercard,2025-04-09,"Weissnat, Jenkins and Lubowitz"
110,Renell,Dumingos,rdumingos31@typepad.com,749-485-1646,3538114503116935,jcb,2026-03-30,"Prosacco, O'Keefe and Rice"
111,Solomon,Hencke,shencke32@timesonline.co.uk,,5602234525965972,bankcard,2026-08-15,Ernser Inc
112,Jerrold,Stannas,jstannas33@furl.net,519-280-6071,3586356623538230,jcb,2026-08-05,"Daugherty, Cummerata and Littel"
113,Russell,Roberts,rroberts34@123-reg.co.uk,,3538045603548249,jcb,2026-12-18,Langworth-Connelly
114,Ruthi,Trewin,rtrewin35@so-net.ne.jp,969-162-0489,3582407321162809,jcb,2025-07-27,"Wintheiser, Crooks and Pollich"
115,Brennan,Duncombe,bduncombe36@hao123.com,795-705-9391,5020472868757431509,maestro,2025-12-10,Gerhold-Buckridge
116,Kessiah,Moorey,kmoorey37@qq.com,190-277-8499,060498612650251643,maestro,2025-07-28,Waelchi and Sons
117,Burg,Schimek,bschimek38@walmart.com,924-986-9909,337941729774983,americanexpress,2026-11-07,Cruickshank and Sons
118,Axe,Balloch,aballoch39@time.com,306-832-5055,3557454939366696,jcb,2026-12-14,"Rice, Rempel and Thompson"
119,Kariotta,Pedgrift,kpedgrift3a@mediafire.com,109-818-9429,5100134788887409,mastercard,2025-02-28,"Maggio, Gusikowski and Zieme"
120,Colette,Willcot,cwillcot3b@cornell.edu,886-690-0335,3542514371062067,jcb,2025-11-03,"Wolff, Beatty and Dietrich"
121,Warden,Stapells,wstapells3c@instagram.com,270-686-7400,4041373351204,visa,2025-06-21,Bins-Lehner
122,Adelice,Iacomo,aiacomo3d@themeforest.net,673-575-1478,3576110116702726,jcb,2025-01-13,Predovic-Bode
123,Claudian,Gecks,cgecks3e@usnews.com,768-970-2282,374283110078359,americanexpress,2026-09-02,"Lindgren, Will and Hand"
124,Dmitri,Ley,dley3f@mac.com,830-686-3918,5602229642732891,bankcard,2026-10-18,"Armstrong, Jast and Crooks"
125,Massimiliano,McClenaghan,mmcclenaghan3g@merriam-webster.com,,5100148257281274,mastercard,2026-02-15,"Block, Heathcote and Ondricka"
126,Arlene,Dewes,adewes3h@bandcamp.com,193-842-4082,5339360931376346,mastercard,2026-09-22,Kuphal Inc
127,Grata,Manwell,,447-458-6786,6331105270725629,switch,2025-04-18,Batz-Zemlak
128,Giorgia,Debrett,gdebrett3j@boston.com,274-750-9641,30530902260173,diners-club-carte-blanche,2025-12-24,Metz LLC
129,Kahaleel,Tender,ktender3k@rakuten.co.jp,538-851-0629,5108754986015701,mastercard,2026-10-09,McKenzie Inc
130,Bonita,Fleury,bfleury3l@berkeley.edu,922-286-4413,5108751969754462,mastercard,2025-03-26,"Welch, Abernathy and Stark"
131,Fae,O'Bradden,fobradden3m@marriott.com,779-141-1932,5602241460955769,china-unionpay,2026-01-12,"Lehner, Dickens and Kerluke"
132,Gaspard,Aireton,gaireton3n@moonfruit.com,936-744-3734,3529499935065615,jcb,2025-02-10,Crooks LLC
133,Dreddy,Blincoe,,269-634-0645,3574776958356441,jcb,2026-10-22,Parker-McCullough
134,Melvin,Cannon,mcannon3p@huffingtonpost.com,315-551-5457,3543144099974234,jcb,2026-03-11,Kutch Group
135,Ruthi,Davidesco,rdavidesco3q@xing.com,608-290-1915,5602252236259972381,china-unionpay,2025-03-12,Gutmann Group
136,Jessalin,Smee,jsmee3r@skype.com,904-382-2822,4175004271339700,visa-electron,2025-11-30,Moore Inc
137,Cissy,Allix,callix3s@eventbrite.com,794-212-9814,3579395904049219,jcb,2025-03-05,Senger-Hills
138,Ermina,Gabbat,egabbat3t@mozilla.org,535-176-8745,5597828658127099,mastercard,2025-06-29,"Zulauf, Hermann and Champlin"
139,Vivianne,Brymner,vbrymner3u@netlog.com,743-367-8771,3555718942163866,jcb,2025-03-26,Mraz LLC
140,Derick,Baszkiewicz,dbaszkiewicz3v@ted.com,423-951-0325,3544649479304330,jcb,2026-06-30,Thiel-Hintz
141,Auberta,Heymann,aheymann3w@opera.com,847-589-6500,3573993194068950,jcb,2025-08-31,Rempel-Mante
142,Godart,Boshere,gboshere3x@springer.com,907-285-1064,201933984168087,diners-club-enroute,2025-12-06,"Hettinger, Botsford and Kris"
143,Aldrich,Youhill,ayouhill3y@soundcloud.com,531-617-1742,50181587310319233,maestro,2026-03-07,Rodriguez-Kulas
144,Yurik,Drewet,ydrewet3z@studiopress.com,463-344-3665,3544526359439792,jcb,2026-11-06,"Rohan, Schaefer and Labadie"
145,Sterling,Gascar,sgascar40@seattletimes.com,148-539-6594,3582751111147581,jcb,2025-07-05,Dietrich-Dickens
146,Ebeneser,Pattisson,epattisson41@bbc.co.uk,826-693-3599,5048371445825332,mastercard,2026-08-05,Gerlach LLC
147,Vincenty,Sandilands,vsandilands42@businesswire.com,872-126-5757,3569467016156810,jcb,2026-12-18,Durgan-Effertz
148,Cynthie,Mc Meekin,cmcmeekin43@marriott.com,266-647-5950,4017959030621973,visa,2025-05-28,Raynor Inc
149,Bancroft,Blucher,bblucher44@mediafire.com,673-711-2207,3588341507699173,jcb,2026-10-25,"Anderson, Hayes and Herzog"
150,Sharla,MacKeeg,smackeeg45@hao123.com,810-554-9830,201670811451068,diners-club-enroute,2025-06-26,Dibbert LLC
151,Jasmina,Eymor,jeymor46@dot.gov,710-369-0818,4905954661939427,switch,2025-08-20,Gislason Inc
152,Mercedes,Gregon,mgregon47@cocolog-nifty.com,,3544812666769943,jcb,2026-04-24,Leffler Group
153,Donal,Batistelli,dbatistelli48@google.ru,648-117-9748,3588275988863835,jcb,2025-04-03,"Heaney, Upton and Lynch"
154,Koenraad,Wyllt,kwyllt49@weibo.com,521-522-5089,4041378761423,visa,2026-10-07,Pfeffer and Sons
155,Mord,Lambert-Ciorwyn,mlambertciorwyn4a@timesonline.co.uk,625-627-2724,6394283524818963,instapayment,2026-01-06,Breitenberg LLC
156,Reggis,Lydiatt,rlydiatt4b@columbia.edu,898-868-0760,3541842527347038,jcb,2025-11-18,Kunde Inc
157,Selia,Shelford,sshelford4c@mapy.cz,108-955-6430,67062698018018528,laser,2026-09-04,"Kirlin, Lynch and Casper"
158,Lauralee,Raiker,lraiker4d@washington.edu,626-320-0321,4917823095628508,visa-electron,2026-06-22,"Schinner, Gusikowski and Stehr"
159,Olivette,Carass,ocarass4e@un.org,623-675-2964,3540920332406685,jcb,2025-11-13,Pacocha-Cormier
160,Riley,Scroggins,rscroggins4f@opera.com,796-885-2324,3562215969124443,jcb,2025-01-08,Botsford-Friesen
161,Dougie,Ambroix,dambroix4g@ow.ly,,201416609364323,diners-club-enroute,2026-11-28,Schneider-Hammes
162,Karole,Nowell,knowell4h@goo.gl,852-552-3073,3577043790035775,jcb,2025-03-18,"Wiza, Kuvalis and O'Kon"
163,Carolee,Cristofari,ccristofari4i@dedecms.com,254-769-4159,4041378170278157,visa,2026-07-13,"Paucek, Jones and Skiles"
164,Drucill,Bromet,dbromet4j@posterous.com,147-759-4220,6759629336499557514,switch,2026-12-21,Hilll-Spencer
165,Fawn,Gilley,fgilley4k@netscape.com,370-451-5376,30244716922834,diners-club-carte-blanche,2025-10-28,Torphy and Sons
166,Garreth,Lokier,glokier4l@sohu.com,808-813-3273,58937228540454884,maestro,2025-05-07,"Renner, Jacobi and Corkery"
167,Randie,Kermeen,rkermeen4m@sphinn.com,,490302084182125262,switch,2025-05-02,"Pouros, Williamson and Pouros"
168,Shermie,McCuis,smccuis4n@liveinternet.ru,721-231-7852,3566722830797188,jcb,2025-02-22,Wolf-O'Hara
169,Fitz,Turland,fturland4o@ovh.net,497-302-5502,3557276243462378,jcb,2026-03-14,Lehner and Sons
170,Sandro,Pavolillo,spavolillo4p@wired.com,378-530-4413,56022265866959682,china-unionpay,2025-09-15,"Mitchell, Stoltenberg and Weimann"
171,Halsey,Bruni,hbruni4q@macromedia.com,547-764-3564,3550853319702999,jcb,2025-08-27,Hudson-Parisian
172,Stacy,Guerrazzi,sguerrazzi4r@indiegogo.com,278-778-1540,3583086772059349,jcb,2025-12-04,"Beer, Huel and Bednar"
173,Hunfredo,Menpes,hmenpes4s@apache.org,613-746-6967,5038412863661393163,maestro,2025-10-08,"O'Connell, Grady and O'Hara"
174,Ulrike,Hanselmann,uhanselmann4t@hhs.gov,997-648-1074,3553491323158028,jcb,2026-08-12,"Collins, Reynolds and Waelchi"
175,Berty,Dressel,bdressel4u@intel.com,828-745-7786,5602257127463294,bankcard,2025-03-10,"Steuber, Murphy and Shanahan"
176,Zia,Tym,ztym4v@webeden.co.uk,117-776-9170,3575775660993714,jcb,2026-07-10,"O'Connell, Block and Altenwerth"
177,Sergent,Parnell,,827-328-1572,501856443454864525,maestro,2025-11-17,Krajcik Inc
178,Lionel,Papps,lpapps4x@imgur.com,741-250-4275,3559777070776242,jcb,2025-07-29,Rempel-Ledner
179,Lily,Prescott,lprescott4y@g.co,,3583657907372961,jcb,2026-06-28,Huels and Sons
180,Brandise,Clayworth,bclayworth4z@virginia.edu,605-556-1218,4913580758918329,visa-electron,2025-05-21,Renner-Schoen
181,Sheila-kathryn,Lyford,slyford50@google.fr,847-580-6492,5610836398523686,bankcard,2026-10-09,Douglas-Halvorson
182,Lora,Wreath,lwreath51@chronoengine.com,220-740-1927,3589412375122231,jcb,2026-06-08,Dicki and Sons
183,Elvis,Faughey,efaughey52@economist.com,120-209-9214,3562886413365251,jcb,2025-05-16,Bashirian-Herman
184,Isidro,Brushfield,ibrushfield53@spiegel.de,107-318-0774,3579469745473589,jcb,2026-07-27,"Greenfelder, Mertz and Mills"
185,Stephan,Carbin,scarbin54@ox.ac.uk,926-759-0734,3533952359736495,jcb,2025-05-26,"Dibbert, Schoen and Howell"
186,Curtice,Cracie,,414-445-7850,6385851333615563,instapayment,2025-07-22,Kihn-Mills
187,Valida,Crowson,vcrowson56@istockphoto.com,205-961-5918,3584143807309758,jcb,2026-06-11,Langworth-Quitzon
188,Aridatha,Peegrem,apeegrem57@vimeo.com,883-941-8004,56022313539135395,china-unionpay,2025-04-03,Watsica LLC
189,Annie,Potapczuk,,735-783-6783,3579015003332023,jcb,2026-11-14,"Schimmel, Raynor and Medhurst"
190,Hiram,Kimblin,hkimblin59@miibeian.gov.cn,519-778-8794,3551853893049287,jcb,2026-01-22,"Metz, Schuster and Bednar"
191,Isaiah,Cowx,icowx5a@toplist.cz,683-324-4529,4913793154105769,visa-electron,2026-02-23,"Turner, Davis and Wuckert"
192,Kikelia,Swires,kswires5b@1688.com,113-645-8702,67636389922522196,maestro,2026-03-27,"Robel, Jast and Stanton"
193,Cathrine,Mungane,cmungane5c@paginegialle.it,638-293-6176,201896870862461,diners-club-enroute,2025-10-08,Johns Group
194,Leigh,Kingwell,lkingwell5d@state.tx.us,727-434-1095,3539516008188285,jcb,2025-09-11,Kilback and Sons
195,Sherie,Bellini,sbellini5e@arizona.edu,336-563-1390,3551813097764065,jcb,2026-10-27,"Runte, Keeling and Gottlieb"
196,Conrado,Kilshaw,ckilshaw5f@bravesites.com,590-967-6027,3578222411559780,jcb,2026-06-07,Turner Group
197,Hinda,Andrewartha,handrewartha5g@bizjournals.com,336-870-6127,4026237705999951,visa-electron,2026-10-13,Becker-Fisher
198,Sybila,McGlaughn,smcglaughn5h@cbslocal.com,639-552-4665,30348566529449,diners-club-carte-blanche,2026-05-05,"Mohr, Lakin and Shanahan"
199,Madlen,Caughan,mcaughan5i@zimbio.com,576-744-2578,30283018781209,diners-club-carte-blanche,2025-08-16,Lowe LLC
200,Wenonah,Tremonte,wtremonte5j@list-manage.com,455-126-3253,3582047513473406,jcb,2025-04-08,Steuber LLC
201,Merilee,Gives,mgives5k@statcounter.com,412-515-6890,30482803706450,diners-club-carte-blanche,2026-07-04,Champlin-Streich
202,Marika,Hoofe,mhoofe5l@de.vu,237-708-3768,6388936719008025,instapayment,2025-09-25,"Kertzmann, Lind and Abshire"
203,Kai,Shakesby,kshakesby5m@dailymail.co.uk,,5602258006584648,bankcard,2025-08-13,"Simonis, Leannon and Kunde"
204,Cordie,Elleray,celleray5n@wsj.com,629-940-9228,30297413789393,diners-club-carte-blanche,2025-10-27,Trantow Group
205,Ivonne,Gann,igann5o@cyberchimps.com,857-428-2358,6709473042615948,laser,2026-01-26,Bartell-Harvey
206,Herminia,Madgin,hmadgin5p@army.mil,920-215-4275,3574870219993314,jcb,2025-11-02,"Kutch, Shields and Macejkovic"
207,Mattias,Campo,,389-927-2291,5100134084158927,mastercard,2026-03-28,Heller-Runolfsdottir
208,Rooney,Rableau,rrableau5r@bizjournals.com,768-291-8343,6706162202652739493,laser,2026-02-27,"Jacobson, Gerhold and Moore"
209,Libby,Cossins,lcossins5s@chronoengine.com,590-728-4770,3570529662717885,jcb,2026-12-17,O'Conner Group
210,Cynde,Napoli,cnapoli5t@soup.io,979-307-3587,30010572830373,diners-club-carte-blanche,2026-09-22,Rice Group
211,Jude,Phoenix,jphoenix5u@symantec.com,568-632-1198,,visa-electron,2025-04-07,Becker-Roob
212,Ryan,Koppens,rkoppens5v@vinaora.com,705-788-3800,,jcb,2025-02-14,"Jast, Kohler and Witting"
213,Christoforo,Malmar,cmalmar5w@people.com.cn,786-323-8473,3550765780884017,jcb,2026-10-25,Lind Inc
214,Buffy,Hablot,bhablot5x@globo.com,994-284-7945,3563491482346966,jcb,2025-05-17,"Muller, McClure and Rolfson"
215,Mellicent,McCrisken,,865-482-8750,675900946199687603,switch,2025-09-30,Lynch-Hayes
216,Maxy,Keddle,mkeddle5z@cdc.gov,967-320-2869,3552945654470949,jcb,2025-01-03,McCullough LLC
217,Albrecht,Kolyagin,akolyagin60@ning.com,430-523-6299,3574870828024014,jcb,2025-03-24,Kirlin Group
218,Estelle,Wessell,ewessell61@usatoday.com,374-242-4483,67596296978621186,maestro,2025-09-19,Gorczany LLC
219,Josey,Melwall,jmelwall62@comsenz.com,191-996-6041,374288956044936,americanexpress,2025-09-23,Waters-Franecki
220,Oralia,Fiddian,ofiddian63@comcast.net,,3529625477857080,jcb,2026-07-19,"Crooks, Ward and Prohaska"
221,Lars,Hazelby,lhazelby64@homestead.com,155-131-2578,3566552537731945,jcb,2026-04-02,Hettinger-Pfannerstill
222,Jonis,Molineux,jmolineux65@hao123.com,747-601-3106,3554830263864898,jcb,2026-08-02,Reinger-Kihn
223,Leodora,Cressingham,lcressingham66@tuttocitta.it,285-684-3620,30043112416924,diners-club-carte-blanche,2025-02-15,Auer-Bosco
224,Kaela,Duxbury,,935-355-8536,67598306585017229,maestro,2026-03-03,Zieme-Hoppe
225,Madge,Pearle,mpearle68@51.la,754-765-6498,3585726257777752,jcb,2026-01-11,"Ferry, Gusikowski and Pacocha"
226,Willa,Inker,winker69@unicef.org,339-190-2487,3539559827309260,jcb,2025-11-19,"Rosenbaum, Funk and Strosin"
227,Daphna,Troman,dtroman6a@boston.com,434-202-9151,30553989663507,diners-club-carte-blanche,2026-08-05,Block-Kutch
228,Katalin,Ostick,kostick6b@census.gov,954-535-6951,5283617317044921,mastercard,2025-02-21,Kertzmann Group
229,Francesca,Spelsbury,fspelsbury6c@canalblog.com,744-913-5808,5602210377974932,bankcard,2025-04-29,Weissnat LLC
230,Rafaello,Brumbye,,746-648-2147,4917591550645073,visa-electron,2026-11-24,"Deckow, Hills and Schneider"
231,Ag,Vooght,avooght6e@foxnews.com,291-755-2229,564182765887312018,switch,2026-12-25,Klein-Hansen
232,Cyrille,Duffrie,cduffrie6f@purevolume.com,,675959311095589496,maestro,2026-09-28,Sipes-Block
233,Florida,Lemery,flemery6g@ucoz.com,441-683-5262,3548809098147504,jcb,2025-02-27,Pfannerstill and Sons
234,Douglas,Greenhall,dgreenhall6h@addtoany.com,412-503-0309,3588835382614074,jcb,2025-06-30,Denesik-Crooks
235,Aurel,Edgcombe,aedgcombe6i@google.com.hk,522-928-7942,,jcb,2026-02-13,Lesch-Heidenreich
236,Patty,McCathy,pmccathy6j@pbs.org,571-414-6688,3534265091220432,jcb,2026-03-25,Hackett Group
237,Rosalinde,Thom,rthom6k@jiathis.com,202-951-4881,3577818674659174,jcb,2025-04-30,Larson-Mertz
238,Phillipe,Summerrell,psummerrell6l@wikipedia.org,220-843-4220,3537606828647248,jcb,2025-07-14,"O'Kon, Mraz and Vandervort"
239,Gil,Fines,gfines6m@blogspot.com,263-922-4260,374288813441002,americanexpress,2025-01-22,Swift and Sons
240,Charlton,O'Mahoney,comahoney6n@typepad.com,896-498-5113,3577844282333713,jcb,2025-03-14,Tillman-Gutmann
241,Shelby,Lile,slile6o@imgur.com,,6304257366185819674,maestro,2025-03-09,Wolff and Sons
242,Talyah,Sandland,tsandland6p@qq.com,528-670-3761,5470352764405952,mastercard,2026-06-11,Bradtke-Botsford
243,Janie,Pullan,jpullan6q@shareasale.com,310-384-0417,3585926232779028,jcb,2025-08-04,"Ziemann, Dach and Botsford"
244,Liana,Gyurko,lgyurko6r@miibeian.gov.cn,297-198-8899,5602238669470046,china-unionpay,2025-01-11,Weissnat Inc
245,Melisa,Richardeau,mrichardeau6s@amazon.com,453-449-5442,3580932828994695,jcb,2025-10-07,Kohler-Rath
246,Prentiss,Casone,pcasone6t@slideshare.net,521-328-4457,3577495616894506,jcb,2025-02-22,"Friesen, Senger and Johns"
247,Dallon,Clarey,dclarey6u@canalblog.com,973-194-2918,,jcb,2025-06-30,Donnelly-Stracke
248,Shadow,Dowse,sdowse6v@com.com,931-347-7177,4041376283426093,visa,2025-04-14,Howe Inc
249,Brnaby,Broadbent,bbroadbent6w@chicagotribune.com,823-696-0713,3528402931891563,jcb,2025-07-12,Jerde Inc
250,Klement,Tibbotts,ktibbotts6x@multiply.com,813-998-6896,3581288758557260,jcb,2026-08-02,Willms and Sons
251,Bartel,McIlvoray,bmcilvoray6y@cnet.com,829-370-0717,3541282090574132,jcb,2026-09-09,Boyle and Sons
252,Carny,Keslake,ckeslake6z@newsvine.com,,3534707083365469,jcb,2025-04-20,"Prosacco, Cummings and Swaniawski"
253,Shepperd,Fayter,sfayter70@joomla.org,198-742-6393,589368106694667646,maestro,2025-10-11,Bins-Ward
254,Hilton,Philpott,hphilpott71@prlog.org,263-548-8594,3579507939189071,jcb,2026-04-23,Bahringer-Luettgen
255,Flint,Cottey,fcottey72@exblog.jp,437-757-2604,3569516129382430,jcb,2025-11-09,"DuBuque, Bogisich and Goldner"
256,Alexis,Crossfield,acrossfield73@twitter.com,987-137-0977,3552233554295801,jcb,2026-04-08,Russel-Haley
257,Fiona,Lowthorpe,flowthorpe74@ebay.co.uk,649-596-1773,3588544875295868,jcb,2025-12-18,Johnson-Grimes
258,Rosamond,Alenikov,ralenikov75@ask.com,767-262-3506,3584706986536597,jcb,2025-05-02,"Ziemann, Fritsch and Funk"
259,Corny,Francioli,cfrancioli76@webmd.com,968-767-3422,201449373652896,diners-club-enroute,2025-03-04,O'Reilly Group
260,Rosene,Whitehurst,rwhitehurst77@blogtalkradio.com,490-605-4337,3588438221304245,jcb,2026-12-17,Marks Inc
261,Carolan,Wakeford,cwakeford78@wisc.edu,924-290-5238,5582657624278489,mastercard,2026-02-25,"McCullough, Schiller and Little"
262,Fiorenze,Lathwell,flathwell79@comcast.net,700-483-2932,3575283110666980,jcb,2025-02-17,Hagenes-Padberg
263,Conrade,Pyser,,528-626-0220,3534191490873664,jcb,2025-04-03,Cole-Haley
264,Sallee,Pouton,spouton7b@npr.org,665-269-2980,5468012874531113,mastercard,2026-07-03,Mitchell Group
265,Enoch,Erley,eerley7c@amazon.co.jp,359-473-8114,676116995324313815,maestro,2025-11-16,"Schulist, Zieme and Daugherty"
266,Violetta,Draisey,vdraisey7d@pinterest.com,651-624-8328,3585322125262183,jcb,2026-04-25,"Auer, Wilkinson and Bernier"
267,Freddie,Feavers,ffeavers7e@msu.edu,259-901-3627,3542345358985750,jcb,2026-11-19,Koss and Sons
268,Clarinda,Sykes,csykes7f@tinyurl.com,449-673-6349,4026550613428701,visa-electron,2026-06-18,Larkin LLC
269,Gian,Foulstone,gfoulstone7g@cdbaby.com,481-228-3400,5288776276904791,mastercard,2026-09-08,"Kunde, Von and Grant"
270,Shelton,Crudge,scrudge7h@hhs.gov,971-627-9503,5602232244332193,bankcard,2026-10-30,"Vandervort, Mertz and Hodkiewicz"
271,Ginnie,D'Antoni,gdantoni7i@ihg.com,596-229-6561,,maestro,2026-03-21,Stracke and Sons
272,Tobey,Grube,tgrube7j@slashdot.org,465-729-8063,491131410280969225,switch,2025-06-06,Krajcik-Gusikowski
273,Culver,Rivelon,crivelon7k@apple.com,244-829-3389,503824933190854447,maestro,2025-02-24,Tromp-Jacobs
274,Haze,Arsnell,harsnell7l@acquirethisname.com,964-317-6195,,jcb,2026-06-02,Wolff-Olson
275,Angel,Vell,,592-188-7072,3528212163533100,jcb,2025-11-18,Monahan LLC
276,Edie,Hawkwood,ehawkwood7n@china.com.cn,182-499-2119,3584711810409557,jcb,2025-04-05,Fay Group
277,Rowen,Tilbury,rtilbury7o@craigslist.org,,3554469403956536,jcb,2026-06-29,Bednar Group
278,Cesaro,Presidey,cpresidey7p@webs.com,624-929-1375,3534016454683389,jcb,2026-09-03,Schaden-Leffler
279,Alisun,Aizlewood,aaizlewood7q@cnet.com,273-589-7651,3582045437619161,jcb,2026-04-16,Wintheiser-Bradtke
280,Felecia,Kelmere,fkelmere7r@illinois.edu,363-759-8600,6370846893870894,instapayment,2026-06-03,Ullrich and Sons
281,Mahmud,Pallent,mpallent7s@icio.us,324-809-7073,3584115932086840,jcb,2025-12-24,Dach-Miller
282,Robinett,Lilliman,rlilliman7t@geocities.com,824-134-6012,3529751634869535,jcb,2025-09-19,Schmidt and Sons
283,Genvieve,Benjafield,gbenjafield7u@themeforest.net,,3560206878681575,jcb,2026-02-27,Streich and Sons
284,Rolland,MacAdam,rmacadam7v@nps.gov,899-976-9274,3585324088848925,jcb,2026-07-29,"O'Kon, Yost and Wisozk"
285,Nancie,Macklam,nmacklam7w@php.net,391-854-9883,3539129529888324,jcb,2026-06-21,Kuphal-Greenholt
286,Jill,Mossman,jmossman7x@behance.net,818-113-1129,4041593798895,visa,2026-12-24,Bechtelar Inc
287,Ruthie,Klauer,rklauer7y@mapy.cz,878-197-1038,3587529267536467,jcb,2025-09-02,Weimann LLC
288,Celene,Stallwood,cstallwood7z@digg.com,765-667-2505,3556265020676848,jcb,2025-12-31,Hirthe LLC
289,Edithe,Sultana,esultana80@cnbc.com,492-986-6466,3568982282069795,jcb,2026-11-22,Kohler-Kassulke
290,Brendis,Baudy,bbaudy81@merriam-webster.com,935-244-2698,3575376854495416,jcb,2026-01-30,"Rempel, Towne and Beatty"
291,Wye,Matthews,wmatthews82@nifty.com,250-205-9049,,diners-club-enroute,2026-01-16,Gerlach Inc
292,Hermy,Pfeuffer,hpfeuffer83@acquirethisname.com,311-160-4717,4903995894142992,switch,2026-01-01,Adams LLC
293,Janith,Kops,jkops84@alibaba.com,924-848-5494,5488908299162424,diners-club-us-ca,2026-06-02,Bechtelar-Hickle
294,Janet,Firman,jfirman85@tiny.cc,,3539714738561166,jcb,2026-09-16,Hand-Deckow
295,Serge,McInnes,,410-164-6614,5602246776404055,bankcard,2026-05-27,Hammes-Ziemann
296,Jason,Hugonin,jhugonin87@vistaprint.com,569-798-9891,5285495118089348,mastercard,2025-10-12,Cormier Group
297,Lenna,McCay,lmccay88@dell.com,800-894-4931,4508867225877233,visa-electron,2026-09-04,Rippin LLC
298,Brendin,Mourge,bmourge89@cmu.edu,162-942-0189,201903090571870,diners-club-enroute,2026-12-29,Jacobson-Wolf
299,Lucy,Lilie,llilie8a@seesaa.net,676-133-4059,3574406965022733,jcb,2026-01-19,"Green, Armstrong and Little"
300,Drucill,Dellenbach,ddellenbach8b@sogou.com,165-920-4409,6333748424828686764,switch,2026-08-30,Wiza Inc
301,Germayne,Gilliat,ggilliat8c@bbc.co.uk,784-359-9549,3542664939797249,jcb,2026-02-03,Harber and Sons
302,Darda,Ulyat,dulyat8d@ucoz.ru,177-729-3829,5100176795490651,mastercard,2025-11-06,Carter-Wuckert
303,Morton,Halfhead,mhalfhead8e@so-net.ne.jp,156-101-7301,3578281147081493,jcb,2025-03-05,"Jaskolski, Spinka and Williamson"
304,Rustie,Weatherhogg,rweatherhogg8f@surveymonkey.com,763-732-0912,337941452079188,americanexpress,2026-07-24,Kreiger LLC
305,Janean,Grishakov,jgrishakov8g@fotki.com,731-941-9046,3567214089034538,jcb,2026-09-01,"Simonis, Wilkinson and Roob"
306,Stephine,Udden,sudden8h@state.gov,416-327-7742,4917017477218554,visa-electron,2026-11-11,Marvin Inc
307,Anatole,Poytheras,apoytheras8i@friendfeed.com,944-835-2576,3539530042818260,jcb,2025-10-02,Blick-Ryan
308,Amandie,Maestrini,amaestrini8j@opera.com,158-308-3522,6394854376772852,instapayment,2026-05-20,MacGyver-Lehner
309,Terri-jo,Kares,,976-171-1052,560225558533799424,china-unionpay,2026-04-07,"Rutherford, Farrell and Jast"
310,Morly,Giamuzzo,mgiamuzzo8l@nbcnews.com,405-991-1518,3540627342598845,jcb,2025-11-07,Ledner and Sons
311,Willabella,Stuchbury,wstuchbury8m@meetup.com,100-759-4339,67093843260846845,laser,2025-01-12,Walter Group
312,Kylie,Endecott,kendecott8n@epa.gov,387-532-1322,3537127453295864,jcb,2026-06-09,Dach-Dietrich
313,Dalia,Latey,dlatey8o@yahoo.co.jp,507-366-4643,3535063873168716,jcb,2026-04-23,Predovic-Kreiger
314,Ignazio,Aspell,iaspell8p@upenn.edu,274-729-7583,5148466753286157,mastercard,2025-08-12,Bradtke and Sons
315,Brendis,Lippiatt,blippiatt8q@pbs.org,385-471-0658,67617170783046662,maestro,2026-01-14,"Senger, Spencer and Tromp"
316,Rance,O'Riordan,roriordan8r@upenn.edu,,3567762291531568,jcb,2026-12-12,Bechtelar LLC
317,Judas,Arnauduc,jarnauduc8s@imdb.com,436-484-1314,201438820483161,diners-club-enroute,2025-11-20,"Christiansen, Kohler and Dach"
318,Donovan,Starling,dstarling8t@github.com,472-533-1457,3533762153906909,jcb,2025-12-31,Huel-Luettgen
319,Samantha,Norley,,490-354-2541,4917395944060084,visa-electron,2026-04-24,Morissette-Zulauf
320,Haily,Scotchbrook,hscotchbrook8v@twitter.com,245-928-1417,5048371506789161,mastercard,2026-04-10,Brown and Sons
321,Hermon,Lockhurst,hlockhurst8w@miibeian.gov.cn,779-307-5381,4917334601846022,visa-electron,2026-06-01,Davis LLC
322,Nickie,Macias,nmacias8x@t.co,531-794-4782,6761904730953286952,maestro,2026-07-05,Weber LLC
323,Alvan,Glyde,aglyde8y@zdnet.com,506-851-8222,5018426342321482,maestro,2025-01-16,Bayer-Reichel
324,Devi,Gillise,dgillise8z@nsw.gov.au,581-682-2678,3580407721414802,jcb,2026-01-14,Schaden-Cruickshank
325,Garek,Domino,gdomino90@nba.com,869-338-0015,3528263955014635,jcb,2025-06-15,Predovic LLC
326,Willey,Van Saltsberg,wvansaltsberg91@patch.com,877-431-0917,36350807106908,diners-club-international,2025-12-18,Carroll LLC
327,Mandie,Cauldwell,mcauldwell92@cafepress.com,312-204-3978,5108750073396988,mastercard,2026-09-22,Olson and Sons
328,Gene,Debow,gdebow93@harvard.edu,457-709-6712,503867677645440348,maestro,2026-10-22,Schiller-Turcotte
329,Batsheva,Blaes,bblaes94@oakley.com,721-729-6211,3562579694789998,jcb,2025-11-12,"Hilll, Schimmel and O'Kon"
330,Duke,Cancott,dcancott95@newyorker.com,354-792-7351,6387939224490333,instapayment,2026-03-18,"Schultz, Pagac and Stehr"
331,Colline,Di Frisco,cdifrisco96@discovery.com,209-283-4994,3540967123127434,jcb,2025-12-10,"Shanahan, Bins and Hamill"
332,Web,Bold,wbold97@lulu.com,876-139-3505,4903759342270411,switch,2025-08-07,McCullough-Adams
333,Wolf,Skellington,wskellington98@eventbrite.com,,3532918859693420,jcb,2025-12-03,Strosin-Moore
334,Cassandry,Munnings,cmunnings99@wiley.com,862-891-5590,677140021038536563,laser,2026-12-26,"Schuppe, Gerlach and Ziemann"
335,Tabatha,Balharry,tbalharry9a@goo.gl,916-337-9480,5477406886889866,mastercard,2025-07-19,Reinger-Abbott
336,Julienne,Henke,jhenke9b@so-net.ne.jp,311-464-5161,3565522595316690,jcb,2025-12-21,"Kulas, Hammes and Borer"
337,Kirbee,Pallas,kpallas9c@vistaprint.com,490-421-8180,3552952258665445,jcb,2026-09-05,O'Hara-Nolan
338,Archie,Torald,atorald9d@cdc.gov,783-700-6000,4844690868945619,visa-electron,2026-11-07,Will-Erdman
339,Erma,Sinisbury,esinisbury9e@microsoft.com,830-300-9391,5559766783398472,diners-club-us-ca,2025-03-15,Boehm LLC
340,Aguistin,Clementel,aclementel9f@goo.gl,250-648-0349,4911305508748186861,switch,2026-12-17,"Gottlieb, Gottlieb and Moen"
341,Cori,Newart,cnewart9g@dailymail.co.uk,697-374-3127,3565326674725924,jcb,2026-01-23,Ward-Goyette
342,Erik,Screas,escreas9h@icio.us,527-895-6976,6709657558503270,laser,2025-09-06,"Grady, McLaughlin and Goodwin"
343,Sella,Newbury,snewbury9i@tuttocitta.it,260-710-8703,,switch,2025-09-05,"Koss, Nader and Morissette"
344,Harvey,Kuschke,hkuschke9j@si.edu,949-379-6510,201698695543783,diners-club-enroute,2026-11-16,Schmeler and Sons
345,Bellanca,Worsnap,bworsnap9k@go.com,372-773-0411,30237524200922,diners-club-carte-blanche,2025-01-07,"Volkman, Walker and Thiel"
346,Florentia,Woodrooffe,fwoodrooffe9l@ucla.edu,588-780-5115,3565130840801704,jcb,2026-03-24,Windler LLC
347,Cheryl,Bartelli,cbartelli9m@cnet.com,,3579838777877919,jcb,2025-07-13,Kilback and Sons
348,Wilona,Willgress,wwillgress9n@quantcast.com,831-463-8504,5010127012550024,mastercard,2026-03-29,Barrows and Sons
349,Mitch,Nizet,mnizet9o@yellowpages.com,611-373-7130,6331104433540149458,switch,2026-12-20,Prohaska-Hettinger
350,Aviva,Moyser,,615-797-6158,201871180403678,diners-club-enroute,2025-10-01,Olson-Turcotte
351,Georgia,Moyes,gmoyes9q@is.gd,577-826-4423,5048374670416546,mastercard,2025-06-29,O'Kon-Glover
352,Georgeanna,Kilkenny,gkilkenny9r@hc360.com,549-964-1269,,americanexpress,2025-06-02,Satterfield-Pagac
353,Naomi,Jurisic,njurisic9s@dyndns.org,666-862-2947,633110043959799052,switch,2025-05-06,Yost Group
354,Tommie,Allcock,tallcock9t@soup.io,368-299-5451,4405236207168090,visa-electron,2025-02-06,Brekke LLC
355,Standford,Hawse,shawse9u@yelp.com,927-902-9971,5602223087229281,bankcard,2025-06-17,Ryan Group
356,Shannon,Greim,sgreim9v@blogs.com,672-338-9353,3535403822752618,jcb,2025-02-14,"Feeney, Stokes and Schimmel"
357,Vivian,Crosthwaite,vcrosthwaite9w@ox.ac.uk,769-912-1832,3549919683282340,jcb,2026-08-03,Schuppe-Hane
358,Enoch,Theodoris,etheodoris9x@umich.edu,,5306071587905598,mastercard,2026-07-02,"O'Keefe, Quitzon and Cormier"
359,Albert,Darlow,adarlow9y@google.ca,476-643-8322,3541573919846416,jcb,2026-10-12,Schmeler Inc
360,Bernard,Daniely,bdaniely9z@sun.com,432-631-3064,370462212248185,americanexpress,2026-07-04,Wiegand Group
361,Otto,Merwe,omerwea0@senate.gov,865-850-6482,3583570903416221,jcb,2025-04-10,"D'Amore, King and Pfannerstill"
362,Deidre,Henker,dhenkera1@loc.gov,503-451-8042,3563924061783845,jcb,2025-10-05,"Rau, Harber and Gerlach"
363,Belita,Kneel,bkneela2@wordpress.org,650-959-3772,30359624080218,diners-club-carte-blanche,2025-05-19,Roob-Nikolaus
364,Nils,Walthall,nwalthalla3@sun.com,422-377-4825,3569549282557571,jcb,2026-08-17,"Predovic, Oberbrunner and McClure"
365,Onida,Clericoates,oclericoatesa4@army.mil,617-254-8258,0604558058552712625,maestro,2026-03-03,Bahringer-Bernhard
366,Persis,Rigden,prigdena5@hp.com,404-843-4741,3573067506907468,jcb,2026-12-18,Hayes and Sons
367,Addi,Ranken,arankena6@tmall.com,633-796-1912,374283123603284,americanexpress,2025-08-21,Schulist Inc
368,Tarrance,Jans,tjansa7@ifeng.com,263-773-3536,5100142178468854,mastercard,2025-12-29,Christiansen and Sons
369,Roberto,Celler,rcellera8@diigo.com,107-756-8629,3564668536054907,jcb,2025-08-14,Kuhn-Wolf
370,Jeane,Castagnier,jcastagniera9@sphinn.com,739-218-9822,3579839276999923,jcb,2026-10-08,Reichert Group
371,Lucas,Dransfield,ldransfieldaa@wikispaces.com,,3548138367812485,jcb,2025-01-25,"MacGyver, Lowe and Corwin"
372,Dominica,Bellord,dbellordab@census.gov,525-858-8695,,laser,2026-11-05,"Stiedemann, Kihn and Zieme"
373,Brose,Eim,beimac@wix.com,373-275-9553,5318429480882908,mastercard,2025-04-15,Brekke-Simonis
374,Dugald,Aronstam,daronstamad@whitehouse.gov,680-908-4782,675987998097965900,maestro,2026-01-08,Auer-Turner
375,Hannis,Trewman,htrewmanae@oracle.com,200-260-1856,3567282746188088,jcb,2026-01-13,Pollich-Simonis
376,Alane,Caselick,acaselickaf@technorati.com,,3585015893639166,jcb,2026-03-07,Klocko Group
377,Skippy,Masse,smasseag@weebly.com,263-160-9130,30299030584967,diners-club-carte-blanche,2026-07-16,"Schiller, Pacocha and Donnelly"
378,Else,Jans,ejansah@ezinearticles.com,589-379-8520,3551162387842227,jcb,2026-02-08,Little-Herman
379,Lisa,Roon,lroonai@eepurl.com,495-183-9935,,jcb,2026-02-18,Murazik Group
380,Justine,Shiel,jshielaj@bloglovin.com,590-507-7232,4175006665266068,visa-electron,2026-08-07,"Bosco, Brekke and Lakin"
381,Hermie,Dominik,,328-748-0294,5602221146888105,bankcard,2026-06-21,Nolan-McGlynn
382,Micheal,Bottomer,mbottomeral@accuweather.com,687-164-9432,340834222755465,americanexpress,2026-11-14,Erdman-Hermann
383,Joscelin,Fratson,jfratsonam@theatlantic.com,112-729-4418,3588189126369060,jcb,2026-07-29,Runolfsdottir Inc
384,Corey,Tumber,ctumberan@stumbleupon.com,908-477-9791,5343082718184933,mastercard,2026-01-04,Moore Group
385,Jan,Draco,jdracoao@xinhuanet.com,,6334181206276987758,solo,2025-06-01,Shields LLC
386,Enrico,Spottswood,espottswoodap@wsj.com,714-198-9613,6389324812007948,instapayment,2025-08-27,Harber Inc
387,Judah,Laux,jlauxaq@goodreads.com,207-485-0681,6334157243058064,solo,2026-06-12,Ruecker-Kshlerin
388,Gay,Somerscales,gsomerscalesar@t.co,579-174-2686,5415604472342267,mastercard,2026-08-04,Rolfson-Cole
389,Bram,Scargle,bscargleas@imgur.com,908-242-4003,56022163158603649,china-unionpay,2025-02-21,Green-Anderson
390,Bonny,Underwood,bunderwoodat@privacy.gov.au,319-110-9774,676108800735427321,maestro,2026-08-15,Rolfson-Schneider
391,Cassy,Bradwell,cbradwellau@stumbleupon.com,880-780-6664,4026095492313731,visa-electron,2025-09-18,"Parker, Rolfson and Hamill"
392,Lemar,Goodenough,lgoodenoughav@ameblo.jp,676-592-9970,5100135128984814,mastercard,2026-06-28,"Harber, Bode and Macejkovic"
393,Delano,Burbudge,,,6376080925994399,instapayment,2026-08-31,King LLC
394,Dana,Kondratowicz,dkondratowiczax@joomla.org,515-846-8052,50184376811330585,maestro,2025-08-31,"Hyatt, Hayes and Jakubowski"
395,Noll,Fidelus,nfidelusay@pen.io,266-980-3107,3571812810730714,jcb,2025-02-04,Hermiston-Willms
396,Brandise,Moan,bmoanaz@desdev.cn,888-415-4891,56101259245566221,china-unionpay,2025-01-20,Veum-Hickle
397,Maureen,Hynes,mhynesb0@google.fr,160-603-3744,36313012138256,diners-club-international,2025-10-08,Roberts and Sons
398,Merrill,Jeanneau,mjeanneaub1@squidoo.com,339-890-1889,3532081400608015,jcb,2025-07-27,Walsh-Smitham
399,Fran,Gauler,fgaulerb2@mapquest.com,568-524-4042,493655398144487215,switch,2026-06-10,"Hudson, Hackett and Russel"
400,Corabelle,Stubbes,cstubbesb3@washington.edu,482-402-6141,4844320290780109,visa-electron,2025-08-02,Kassulke-Green
401,Eve,Furmonger,efurmongerb4@adobe.com,,5100130817117222,mastercard,2026-03-01,"Beahan, Roob and Krajcik"
402,Bunni,Kleeborn,bkleebornb5@hubpages.com,840-359-3387,5214462435715027,mastercard,2025-01-15,Torphy and Sons
403,Corette,Boays,cboaysb6@nba.com,662-148-0816,5108754480245119,mastercard,2026-08-27,"Kemmer, Orn and Graham"
404,Margarete,MacColgan,mmaccolganb7@wikimedia.org,579-267-5056,3562964992021643,jcb,2026-02-13,O'Reilly-Gorczany
405,Ivor,Richter,irichterb8@businessweek.com,912-873-4570,633447216639668053,solo,2025-03-24,Kiehn LLC
406,Ynez,Bagshaw,ybagshawb9@vimeo.com,546-891-8113,5602237925509175,bankcard,2025-02-14,Auer Group
407,Riordan,Geibel,rgeibelba@php.net,621-824-5927,630477344580641496,maestro,2026-03-18,"Gorczany, Kautzer and Parisian"
408,Dyna,Clace,dclacebb@wunderground.com,186-665-4606,5007667079067532,mastercard,2026-11-13,Glover-Crist
409,Shurlocke,Cornuau,scornuaubc@shinystat.com,503-486-1646,4936613927187592,switch,2026-01-23,Satterfield-Flatley
410,Free,Gwilt,fgwiltbd@slideshare.net,713-803-2641,4405999447138872,visa-electron,2025-01-07,"Morissette, Witting and Hoeger"
411,Jillene,Freear,jfreearbe@google.cn,107-483-2585,5293918530632551,mastercard,2025-01-23,Crooks LLC
412,Linn,Widdison,lwiddisonbf@ca.gov,369-564-2385,50182145345183881,maestro,2026-01-16,Sanford-Luettgen
413,Eunice,Sherme,eshermebg@hibu.com,887-768-6483,3557208640000634,jcb,2025-11-05,"Batz, Buckridge and Jacobi"
414,Luciano,Eltune,leltunebh@cafepress.com,310-607-2223,30482694886643,diners-club-carte-blanche,2025-10-12,"Kessler, Casper and Moen"
415,Darcee,Paulin,dpaulinbi@cloudflare.com,330-174-9368,4405792795198535,visa-electron,2025-06-28,"Jerde, Ortiz and Effertz"
416,Mile,Sheppey,msheppeybj@shutterfly.com,553-871-0027,3573095780575693,jcb,2025-03-02,"Wilkinson, Muller and Boyle"
417,Lara,Breslin,lbreslinbk@techcrunch.com,107-205-5627,6761048659039494,maestro,2025-08-31,Stokes-Farrell
418,Brand,Sarfatti,bsarfattibl@addthis.com,558-943-0988,3541402348443852,jcb,2025-06-14,Walker-Gusikowski
419,Elnore,Sholem,esholembm@toplist.cz,633-866-8433,3556125481344189,jcb,2025-12-20,"Jaskolski, Leffler and Hauck"
420,Elijah,Vaughan-Hughes,evaughanhughesbn@freewebs.com,505-816-7790,6331104177095996827,switch,2025-05-16,"Terry, Ondricka and Padberg"
421,Thorstein,Spellessy,tspellessybo@constantcontact.com,374-675-8124,,jcb,2025-10-07,Herzog Inc
422,Wynny,Goodhand,wgoodhandbp@squidoo.com,442-225-7050,5602217642619358,bankcard,2026-12-15,Klein Group
423,Guenna,Stidson,gstidsonbq@eventbrite.com,544-849-4380,3562909566688103,jcb,2025-05-05,Schmitt and Sons
424,Aube,Gercke,agerckebr@barnesandnoble.com,267-844-1104,67716297904623689,laser,2026-12-02,"Bergnaum, Hackett and Luettgen"
425,Fleurette,Creavin,fcreavinbs@mail.ru,349-518-0653,4407284065191190,visa,2026-12-07,Emard-Torphy
426,Shayla,Laraway,slarawaybt@domainmarket.com,696-751-7680,201414520386491,diners-club-enroute,2025-04-04,"Hoppe, Donnelly and Hoeger"
427,Lowrance,Stanbury,lstanburybu@gov.uk,455-460-7809,3540485986166266,jcb,2026-07-15,O'Hara-Roob
428,Deeyn,Seery,,140-646-8338,3562768996420192,jcb,2026-10-29,Schultz-Boyle
429,Melessa,Kybbye,mkybbyebw@angelfire.com,326-347-0525,5349527483060290,mastercard,2026-03-11,"Funk, Bernhard and Gerlach"
430,Alphonse,Dibben,adibbenbx@php.net,966-123-7254,3553452523886156,jcb,2025-01-05,Jacobson-Hartmann
431,Kaila,Hartzog,khartzogby@vinaora.com,314-858-0575,3544049211645126,jcb,2026-06-06,Greenholt Group
432,Howie,Toothill,htoothillbz@slate.com,777-327-4689,201551880861058,diners-club-enroute,2026-02-11,"Runolfsdottir, Heller and MacGyver"
433,Ariela,Painter,apainterc0@cam.ac.uk,359-516-5058,5602228696837606,bankcard,2026-07-17,Barrows-Waelchi
434,Basile,Allgood,ballgoodc1@blinklist.com,676-116-3402,5602234311700955,bankcard,2026-05-22,Rogahn-Abernathy
435,Hillier,Astbery,hastberyc2@chron.com,422-542-1307,67095788398199526,laser,2026-02-08,Rodriguez LLC
436,Linnea,Stamper,lstamperc3@furl.net,601-495-1184,3559157122690453,jcb,2026-03-24,Volkman-Fahey
437,Patrica,Netti,pnettic4@bing.com,535-280-6619,,jcb,2025-08-25,"Bernier, Mitchell and Gutkowski"
438,Quinn,Zeal,qzealc5@topsy.com,985-274-4677,,mastercard,2026-06-27,"O'Hara, West and Durgan"
439,Llewellyn,Stranio,lstranioc6@abc.net.au,792-680-8712,5557245875797349,mastercard,2025-03-22,"Bauch, Dietrich and Collier"
440,Philomena,MacCosty,pmaccostyc7@imageshack.us,326-493-4552,3576723987672982,jcb,2026-10-25,"Herzog, Schimmel and Wyman"
441,Natalie,Loos,,198-612-0981,,jcb,2025-04-23,"Armstrong, Wiegand and Jacobs"
442,Jami,Bloom,,864-573-7263,4026263705613368,visa-electron,2026-12-25,Jacobi-Ernser
443,Eddy,Alban,ealbanca@diigo.com,604-536-1816,63046297726623925,laser,2026-11-19,Hintz-Bogan
444,Arabelle,Lacer,alacercb@amazon.com,957-370-4265,5493064643511362,diners-club-us-ca,2025-07-25,"Reinger, Walter and Borer"
445,Taite,Lannin,tlannincc@infoseek.co.jp,,201547930817256,diners-club-enroute,2025-09-15,"Ortiz, Runte and Mayert"
446,Nancie,Alexandersen,nalexandersencd@a8.net,639-208-4609,4026901491865219,visa-electron,2025-07-21,Schultz-Daniel
447,Bobbe,Dickerson,bdickersonce@mysql.com,793-160-6780,,switch,2025-01-31,Labadie Group
448,Biron,Grene,bgrenecf@disqus.com,743-154-9501,3546469688871021,jcb,2026-08-23,Deckow Inc
449,Bryana,Creus,bcreuscg@scientificamerican.com,985-661-9888,3578982636460094,jcb,2025-06-22,"Bailey, Wiza and Stark"
450,Salomi,Woollcott,swoollcottch@tiny.cc,419-272-8176,6761120370688936783,maestro,2026-03-07,Altenwerth-Zemlak
451,Walliw,Ugoletti,wugolettici@jigsy.com,353-478-3753,5002353484310230,mastercard,2025-11-20,Lemke LLC
452,Giulio,Garrit,ggarritcj@twitpic.com,467-766-3227,5602215045266983,bankcard,2026-02-27,"Windler, Dickinson and Torp"
453,Griselda,Wint,gwintck@rediff.com,240-249-1889,3582304265920559,jcb,2025-03-06,Berge and Sons
454,Blondy,Crossgrove,bcrossgrovecl@weibo.com,233-558-5187,3564027051484041,jcb,2026-05-29,Bogisich-Bergstrom
455,Natalya,Dy,ndycm@4shared.com,846-570-9901,6333273299160091416,switch,2025-12-14,"Bailey, Bednar and Krajcik"
456,Bradley,Sheavills,bsheavillscn@washington.edu,647-471-9936,4017953217163,visa,2026-09-25,"Cummerata, D'Amore and Dietrich"
457,Kendell,Carayol,,832-829-3009,6761361227099794896,maestro,2025-04-08,O'Conner Inc
458,Artair,Ninotti,aninotticp@gov.uk,888-463-9657,3582944617200752,jcb,2025-12-03,Hills-Reinger
459,Kalie,McGucken,kmcguckencq@wikia.com,760-300-8638,3530207196683936,jcb,2026-05-10,"Murray, Raynor and Bergstrom"
460,Laura,Eadington,leadingtoncr@com.com,714-498-8933,5469529491319704,mastercard,2026-11-10,"Stiedemann, Yundt and Mayer"
461,Lynn,Dodridge,ldodridgecs@google.ca,126-977-6877,3540540570652657,jcb,2026-12-05,Conn-Hirthe
462,Jaime,Southwick,jsouthwickct@ftc.gov,446-192-2451,,jcb,2025-09-22,Pfannerstill-Boyer
463,Bondy,Hesse,bhessecu@blogger.com,781-143-8822,3559450194105322,jcb,2025-05-02,Douglas and Sons
464,Harriett,Waylett,hwaylettcv@constantcontact.com,627-589-4955,374283365627629,americanexpress,2026-08-28,Jast-Schaden
465,Alfy,Gergolet,agergoletcw@tripod.com,131-947-2366,5480560478627277,mastercard,2026-12-27,Rosenbaum-Rau
466,Casie,Barme,cbarmecx@blogtalkradio.com,,4026332775922486,visa-electron,2025-03-18,Ritchie-Kub
467,Bridget,Wasling,bwaslingcy@scientificamerican.com,,3544368538338821,jcb,2025-04-26,"Breitenberg, Wiza and Johnson"
468,Karin,Edser,kedsercz@blog.com,391-683-0794,3532708763064937,jcb,2026-02-23,Feeney and Sons
469,Willa,Chaudron,wchaudrond0@constantcontact.com,696-839-4535,633110336078515056,switch,2026-03-07,"Nikolaus, Haley and Zemlak"
470,Gregoor,Navarro,gnavarrod1@etsy.com,512-260-4551,3532049520974039,jcb,2025-05-09,"Donnelly, Collins and Mayer"
471,Mirella,Selland,msellandd2@discovery.com,243-758-1440,3574973690568892,jcb,2026-04-21,Hodkiewicz Inc
472,Aridatha,Vidgen,avidgend3@squarespace.com,723-111-9177,3564619850469304,jcb,2025-04-27,Kling Inc
473,Maisey,Byres,mbyresd4@xrea.com,,3541594479777734,jcb,2025-01-30,"Carter, Schuster and Bogan"
474,Malva,Sharphurst,msharphurstd5@phpbb.com,795-215-1931,6759609963468218,switch,2025-12-06,Johnston-Hammes
475,Hyatt,Americi,hamericid6@pen.io,925-255-2622,36073657905357,diners-club-international,2026-02-20,"Russel, Powlowski and Prosacco"
476,Henderson,Ferrieres,hferrieresd7@hao123.com,275-542-1745,372301722755602,americanexpress,2026-03-21,Graham Inc
477,Rhianna,Sexcey,rsexceyd8@uol.com.br,533-834-9886,3531746347153181,jcb,2025-03-18,Bins LLC
478,Dennie,Poyner,dpoynerd9@toplist.cz,746-649-3487,5602258207166450,bankcard,2026-01-12,Koepp-Mosciski
479,Chiarra,Troppmann,ctroppmannda@fc2.com,671-855-1526,4508036912108621,visa-electron,2026-12-20,Aufderhar-Fahey
480,Debi,White,dwhitedb@disqus.com,595-675-3989,3556484565713599,jcb,2025-09-22,Friesen LLC
481,Alvin,Weatherley,aweatherleydc@newyorker.com,,,jcb,2025-12-28,Gusikowski-Walter
482,Jacobo,Toal,jtoaldd@dell.com,157-108-9506,4913606252410164,visa-electron,2026-01-31,"Jacobs, Haag and Yost"
483,Claretta,Kleinsmuntz,ckleinsmuntzde@geocities.jp,208-480-6108,3568249529218258,jcb,2026-05-21,"Kautzer, Huels and Orn"
484,Mackenzie,Jotcham,mjotchamdf@blogspot.com,590-683-0055,,americanexpress,2025-03-28,Ullrich Inc
485,Sibby,Pardew,spardewdg@huffingtonpost.com,778-158-9201,3566847064878956,jcb,2026-07-08,Strosin-Greenholt
486,Dulcea,Threlkeld,dthrelkelddh@typepad.com,385-311-0776,,jcb,2025-04-28,"Langworth, Bergnaum and Ward"
487,Charlotte,Dreng,cdrengdi@cmu.edu,553-624-6673,5602246849865126,bankcard,2025-01-05,"Herzog, Kutch and Stiedemann"
488,Fidela,Paladini,fpaladinidj@dyndns.org,609-215-6524,374622157148528,americanexpress,2025-02-20,Auer-Gulgowski
489,Jakob,Marien,,143-682-3350,06042749121901606,maestro,2026-04-29,"Kilback, Lehner and Murphy"
490,Hartley,Andrys,handrysdl@spiegel.de,287-358-3079,3550151896068433,jcb,2025-10-29,"Nader, Graham and O'Hara"
491,Gerry,Cannaway,gcannawaydm@cam.ac.uk,551-336-0858,30054705360577,diners-club-carte-blanche,2025-09-26,Bergnaum-Prohaska
492,Amalita,Westmarland,awestmarlanddn@tmall.com,250-495-2782,5465104044853676,diners-club-us-ca,2025-05-24,"Leffler, Wunsch and Mueller"
493,Ashly,Wiltshear,awiltsheardo@va.gov,,3578254792043340,jcb,2026-02-23,Bins LLC
494,Flemming,O'Fergus,fofergusdp@google.fr,,5602236700803696,bankcard,2026-01-27,"Collins, Gislason and Schulist"
495,Gonzales,Steptow,gsteptowdq@telegraph.co.uk,568-707-7031,4041593845138780,visa,2026-01-28,Hills-Feeney
496,Con,Toomey,ctoomeydr@studiopress.com,240-362-2127,5610704780887525,bankcard,2026-08-01,Mohr Group
497,Tore,Conkling,tconklingds@symantec.com,281-506-9965,3570157001644675,jcb,2026-10-04,"Crona, Ledner and Doyle"
498,Diann,Bickersteth,dbickerstethdt@bloomberg.com,498-464-7412,3566085401731766,jcb,2026-07-26,Medhurst and Sons
499,Northrup,Maidment,nmaidmentdu@nifty.com,364-161-0327,5602248081466209,bankcard,2026-12-01,"Glover, Rogahn and Hudson"
500,Freeland,Di Ruggiero,fdiruggierodv@pagesperso-orange.fr,786-761-2466,3571232442624369,jcb,2025-05-24,Crona Inc
501,Georgiana,MacElholm,gmacelholmdw@miitbeian.gov.cn,501-258-0594,3585219840249505,jcb,2026-01-10,Littel and Sons
502,Amabel,Prozillo,aprozillodx@scribd.com,156-800-4525,,mastercard,2025-05-19,Satterfield Inc
503,Lacey,Mertsching,lmertschingdy@webmd.com,378-992-1488,5038600674930948,maestro,2026-07-03,Hickle-Stokes
504,Cassie,Barfford,cbarfforddz@rambler.ru,958-123-0021,5602254858444494,bankcard,2026-10-24,"Leffler, Aufderhar and Gusikowski"
505,Cory,Gude,cgudee0@walmart.com,918-646-1458,3551645970863196,jcb,2026-04-16,Wilderman-Flatley
506,Brod,Brownjohn,bbrownjohne1@jigsy.com,180-721-0246,4905328169948921188,switch,2025-08-26,Bergstrom-Bartell
507,Tod,Rowcastle,trowcastlee2@opensource.org,284-876-7595,4041590702569,visa,2026-10-14,McGlynn-Olson
508,Zia,McNalley,zmcnalleye3@imageshack.us,878-495-9562,560221972538781804,china-unionpay,2026-09-06,Corkery LLC
509,Gerri,Klehn,gklehne4@ebay.com,379-256-5006,5602249770808321,china-unionpay,2026-10-25,Fisher LLC
510,Alessandra,Clausson,aclaussone5@shutterfly.com,880-693-4113,4041378081525,visa,2026-03-03,Koss-Wiza
511,Loree,Ceaplen,lceaplene6@google.de,892-463-7616,4041591738505,visa,2025-01-16,"Berge, Beahan and Sanford"
512,Giordano,Churchyard,gchurchyarde7@apache.org,364-761-2288,374288038951942,americanexpress,2025-06-04,"Gutkowski, Haag and Beatty"
513,Katusha,Warden,kwardene8@dell.com,588-998-7236,3549672886415148,jcb,2026-03-05,Emard-Hills
514,Roby,Winsiowiecki,rwinsiowieckie9@odnoklassniki.ru,443-763-7258,3543109067029956,jcb,2026-05-19,Leannon-Schroeder
515,Latrina,Lawley,llawleyea@google.fr,861-650-2958,3560590780995987,jcb,2026-08-03,"Okuneva, Weissnat and Ankunding"
516,Vitoria,Fatharly,vfatharlyeb@slate.com,,3545150867758673,jcb,2026-12-28,"Dare, Kuhic and Lueilwitz"
517,Michaelina,Kellick,mkellickec@baidu.com,,3541875129009358,jcb,2026-12-07,Johnson Inc
518,Maurise,Chad,mchaded@cargocollective.com,346-801-5296,3571632616178805,jcb,2026-07-19,Legros-Lowe
519,Allen,Moberley,amoberleyee@studiopress.com,530-729-4901,375430312148618,americanexpress,2025-08-02,"Will, Wilkinson and MacGyver"
520,Mahmud,Paine,mpaineef@japanpost.jp,882-558-6448,589373106620923827,maestro,2026-10-01,"Raynor, Marks and White"
521,Ariel,Miroy,amiroyeg@furl.net,465-254-5436,3574327935678935,jcb,2025-12-21,Koepp-Predovic
522,Norris,Worlock,nworlockeh@hc360.com,175-456-3752,560225022047373614,china-unionpay,2026-11-12,"White, Boyle and Kris"
523,Pip,Adcocks,padcocksei@latimes.com,386-379-9459,5602225586231698312,china-unionpay,2025-02-24,Feest-Nikolaus
524,Valentijn,Castanone,vcastanoneej@edublogs.org,276-748-4044,3559961206736235,jcb,2026-01-04,"Moore, Waelchi and Homenick"
525,Marley,Annott,mannottek@g.co,999-855-5191,3570007012913538,jcb,2025-01-25,Auer Inc
526,Ingaberg,Pressey,ipresseyel@vimeo.com,869-908-1169,30284324867898,diners-club-carte-blanche,2026-05-12,Quigley Inc
527,Carter,Millsom,cmillsomem@java.com,275-302-1622,3586657381323941,jcb,2025-09-03,Schimmel and Sons
528,Sue,Iorns,siornsen@hostgator.com,990-178-5434,3550828359965599,jcb,2026-04-22,Rath and Sons
529,Meyer,Corssen,mcorsseneo@tinypic.com,687-716-8129,30196479428013,diners-club-carte-blanche,2025-11-04,Lueilwitz Inc
530,Janet,Creaser,jcreaserep@odnoklassniki.ru,255-911-0256,5602251391949997,china-unionpay,2025-10-19,"Orn, Renner and Wyman"
531,Amandie,Hanburry,ahanburryeq@1688.com,593-807-3078,3549397416091801,jcb,2026-02-15,Kerluke-Johnson
532,Amabelle,Chasmer,achasmerer@vk.com,805-578-1326,3578096995285271,jcb,2025-11-12,Heller Group
533,Danica,Rudiger,drudigeres@pinterest.com,641-434-5499,374622919895762,americanexpress,2025-09-04,"Daniel, Willms and Douglas"
534,Yulma,Daburn,ydaburnet@cbc.ca,582-896-3781,3579911754429408,jcb,2025-02-21,Adams LLC
535,Jarrod,Carwardine,jcarwardineeu@discovery.com,345-993-6988,3577997622662496,jcb,2026-03-21,McDermott-Dicki
536,Rennie,Cavolini,rcavoliniev@rambler.ru,420-993-9090,676396843085422733,maestro,2025-04-23,Leffler-Von
537,Ardeen,Albrooke,aalbrookeew@cornell.edu,424-482-0576,3567246966492108,jcb,2026-01-23,Hartmann-Lind
538,Nicola,Zimmermanns,,649-852-7218,345582941520042,americanexpress,2026-01-24,Ebert LLC
539,Janie,Thomasen,jthomaseney@amazon.co.uk,238-489-7118,,maestro,2025-09-24,"Schumm, Rippin and Terry"
540,Aeriela,Southan,asouthanez@myspace.com,991-910-7905,4026768467430132,visa-electron,2026-06-28,Bogan-Erdman
541,Benjy,Lidyard,blidyardf0@github.com,131-392-3184,3534212120949425,jcb,2026-05-20,"Dickens, Legros and Blick"
542,Mersey,Keogh,mkeoghf1@last.fm,907-858-7129,30420200807588,diners-club-carte-blanche,2026-07-13,"Mueller, Miller and Hermann"
543,Georgeanne,Duffill,gduffillf2@dion.ne.jp,116-915-4188,5602210293430167,bankcard,2026-07-17,Auer Inc
544,Emmit,Stanistreet,estanistreetf3@trellian.com,834-632-5008,3530958505426520,jcb,2026-06-24,"Haag, Mante and Huels"
545,Dulci,Linsley,,797-863-7231,633452304224820388,solo,2025-09-01,Rutherford-Hudson
546,Johnny,Hendin,jhendinf5@wisc.edu,359-353-7105,5476937120637167,diners-club-us-ca,2026-08-15,O'Connell-Medhurst
547,Dougie,Coade,dcoadef6@aboutads.info,,6304182358968355505,maestro,2026-12-05,Runte and Sons
548,Florencia,Helder,fhelderf7@themeforest.net,715-690-7453,3532877102440213,jcb,2025-10-25,Strosin Group
549,Calypso,Birley,cbirleyf8@wsj.com,893-420-1541,4917978717334487,visa-electron,2025-10-09,"Langworth, Goodwin and West"
550,Tanner,Grisard,tgrisardf9@blogspot.com,440-259-0061,3542965895955162,jcb,2026-06-12,Dooley-Donnelly
551,Waylen,Braben,wbrabenfa@freewebs.com,352-126-0021,67614825988817877,maestro,2025-03-17,Windler-Schmitt
552,Daryl,Paxeford,dpaxefordfb@opera.com,904-252-0037,3529558278850048,jcb,2025-01-17,Vandervort-Jones
553,Myrta,Solloway,msollowayfc@is.gd,581-932-2955,5893176630258934343,maestro,2025-07-15,O'Kon Inc
554,Cos,Denmead,cdenmeadfd@csmonitor.com,407-775-6653,,diners-club-carte-blanche,2025-01-28,Yundt-Volkman
555,Georgena,Hazelby,ghazelbyfe@gravatar.com,609-787-3348,5610005124686031,bankcard,2025-12-03,"Schmeler, Bechtelar and Ferry"
556,Madelyn,Glavin,mglavinff@wp.com,175-127-2559,5010121842662349,mastercard,2025-05-26,"Rippin, Kautzer and Reichel"
557,Anetta,D'Andrea,adandreafg@slideshare.net,412-534-8311,6762654184894110188,maestro,2025-01-02,"Schumm, Homenick and Cronin"
558,Grissel,William,gwilliamfh@stumbleupon.com,514-831-5019,3548433229343468,jcb,2025-06-06,"Becker, Glover and Bernier"
559,Monique,Stollsteimer,mstollsteimerfi@wired.com,665-485-1601,5100142501014748,mastercard,2025-11-16,Lynch and Sons
560,Jerry,Bursnall,jbursnallfj@wordpress.com,112-235-9723,3581820308862525,jcb,2026-12-21,Mueller Inc
561,Lissa,Wynch,lwynchfk@sakura.ne.jp,928-408-3108,5602245845769886,bankcard,2025-04-05,"Hammes, Dare and Jacobi"
562,Nap,Conybear,nconybearfl@reuters.com,881-383-5254,3567248147206571,jcb,2025-05-19,"Walker, Hoppe and Schneider"
563,Darn,Norton,dnortonfm@webs.com,810-704-7350,30504020645573,diners-club-carte-blanche,2025-09-26,Rice and Sons
564,Terrill,Foxley,,409-608-6185,3542655848639845,jcb,2025-03-14,"Carroll, Feeney and Hettinger"
565,Betteann,Train,btrainfo@ucsd.edu,996-213-4659,5100148557215824,mastercard,2025-02-06,Carroll-Skiles
566,Nels,Parken,nparkenfp@blogs.com,516-430-8830,6762006756109916940,maestro,2026-10-11,Grant Group
567,Lawrence,Brosch,lbroschfq@umn.edu,874-113-8886,30509031482726,diners-club-carte-blanche,2025-12-05,Kling-Beer
568,Joanie,Bozworth,jbozworthfr@oaic.gov.au,647-933-4603,5602214022764268,bankcard,2026-05-03,Kreiger-Parker
569,Thorsten,Phidgin,tphidginfs@technorati.com,294-396-7602,201813900174577,diners-club-enroute,2026-07-07,Murphy-Tremblay
570,Amandi,Tracy,,,5018848223480378,maestro,2025-10-15,Huel Inc
571,Ruth,Nuschke,rnuschkefu@uiuc.edu,928-390-3887,3573430761865807,jcb,2025-04-06,Mraz-Brakus
572,Lucien,Beavis,lbeavisfv@discovery.com,891-132-1566,5610737981240961,china-unionpay,2026-02-08,"Quitzon, Bruen and Borer"
573,Megan,Romayne,mromaynefw@github.io,809-239-8443,3582661958933599,jcb,2025-04-11,Ferry Group
574,Carolus,Elfes,celfesfx@youtube.com,564-637-6074,560223322877374050,china-unionpay,2026-01-19,O'Kon and Sons
575,Kaela,Blaiklock,,489-120-1852,3576327562573282,jcb,2025-08-07,Collins-Marks
576,Travus,Murfin,tmurfinfz@hhs.gov,,6759528232393465890,maestro,2026-11-11,Crona and Sons
577,Torrence,Daal,tdaalg0@bing.com,676-761-2964,5602230000437602,bankcard,2026-12-27,"Nitzsche, Kuhn and Mueller"
578,Garner,Krinks,gkrinksg1@reddit.com,545-536-4842,3577339925782764,jcb,2025-08-30,Cartwright LLC
579,Moe,Lerer,mlererg2@deviantart.com,302-257-3289,3556397079229714,jcb,2026-06-13,"Upton, Renner and Robel"
580,Isaak,Borrill,iborrillg3@loc.gov,714-963-7385,6331104695908962645,switch,2026-05-07,Wehner Group
581,Gerardo,Killich,gkillichg4@omniture.com,115-226-3813,3587085354681112,jcb,2025-11-12,Bailey-Wuckert
582,Berrie,O'Loinn,boloinng5@disqus.com,161-101-3492,3563143746724674,jcb,2025-11-05,Macejkovic LLC
583,Jan,Pead,jpeadg6@google.com,286-952-7677,379173210187660,americanexpress,2026-11-05,Collins-Kulas
584,Griswold,Salla,gsallag7@narod.ru,574-376-4166,3561050807607239,jcb,2026-05-14,Schaden LLC
585,Berkly,Kenneford,bkennefordg8@networksolutions.com,962-117-7363,5610144817586966777,china-unionpay,2025-05-22,"Beer, Harvey and Harvey"
586,Ania,Toms,atomsg9@microsoft.com,294-380-4245,3546762181184110,jcb,2025-05-24,Nienow and Sons
587,Helga,Hadley,hhadleyga@ehow.com,188-273-7066,6759648196802281385,switch,2026-04-03,"Adams, Parisian and Metz"
588,Shelby,Ostler,sostlergb@reference.com,180-855-8446,4905240130195297859,switch,2025-08-04,"Macejkovic, Bernier and Schumm"
589,Randee,Woollends,rwoollendsgc@themeforest.net,,3568069783685434,jcb,2026-10-15,"Monahan, Russel and Pfannerstill"
590,Napoleon,Eicke,neickegd@instagram.com,360-224-2343,5020992894288476954,maestro,2025-04-08,Block-Schumm
591,Cassi,Fessions,cfessionsge@creativecommons.org,286-978-9506,3535220280382369,jcb,2025-01-07,Kuhn-Walker
592,Andria,Larne,alarnegf@clickbank.net,433-401-2136,4041377302753269,visa,2025-07-05,Hermiston-Sanford
593,Fidole,Parradye,fparradyegg@jigsy.com,809-510-7905,67631122978273330,maestro,2026-05-27,"Schultz, Ankunding and Hodkiewicz"
594,Kailey,Dunsire,kdunsiregh@digg.com,699-700-5147,3563664262317643,jcb,2026-06-11,Gleichner-Swift
595,Korney,Marshal,kmarshalgi@sfgate.com,247-805-2193,5602233078876529,china-unionpay,2025-08-26,Anderson Group
596,Katerine,Sante,ksantegj@msn.com,581-350-8383,5385210392474812,mastercard,2026-04-10,Emard-Lesch
597,Winnie,Tomashov,wtomashovgk@facebook.com,319-436-0264,201929793131092,diners-club-enroute,2026-03-25,Gottlieb Group
598,Sophie,Wenman,swenmangl@unicef.org,404-831-9208,3574741629465690,jcb,2025-05-20,"Dickens, Pollich and Ziemann"
599,Osmund,Thumann,othumanngm@earthlink.net,384-148-6787,5488251613721645,diners-club-us-ca,2026-09-21,Bradtke Group
600,Terri,Etoile,,706-506-8309,3564039174093054,jcb,2026-08-09,Terry-Bahringer
601,Kermie,Sylvaine,ksylvainego@naver.com,766-156-0656,3572988096314222,jcb,2026-08-30,Bayer-Stokes
602,Gavin,Bevans,gbevansgp@arstechnica.com,948-482-9828,3560683496570473,jcb,2025-07-29,Parker-Shanahan
603,Ermanno,Hebble,ehebblegq@blogs.com,,3557374979356748,jcb,2025-01-26,Roberts-Mosciski
604,Nefen,Mathis,nmathisgr@ca.gov,262-884-1118,3568029930164386,jcb,2025-02-01,Stoltenberg-Nolan
605,Victor,St. Clair,vstclairgs@businessweek.com,976-275-6452,3543079577468475,jcb,2025-04-16,McClure LLC
606,Viviene,Daly,vdalygt@indiegogo.com,641-841-7628,3563647534295028,jcb,2025-02-23,"Hansen, Wolf and Ondricka"
607,Cara,Mallabund,cmallabundgu@cbc.ca,888-953-8422,374283353500671,americanexpress,2026-10-28,Erdman LLC
608,Babette,Wegner,bwegnergv@buzzfeed.com,790-713-0037,3537829618831588,jcb,2025-07-21,Hackett-Wyman
609,Massimiliano,Softley,msoftleygw@google.fr,783-448-7211,3588036104374572,jcb,2026-04-21,Schumm-Kulas
610,Forster,Caplen,fcaplengx@ox.ac.uk,770-400-7682,5610635865596856,bankcard,2025-08-09,"Langosh, Christiansen and Veum"
611,Alard,Abade,aabadegy@deliciousdays.com,477-681-1867,676181172749264268,maestro,2026-08-10,"Medhurst, Lakin and Langosh"
612,Petra,Lease,pleasegz@odnoklassniki.ru,923-246-6383,633458021037622900,solo,2026-07-08,Mayert and Sons
613,Benjie,McSkeagan,bmcskeaganh0@ox.ac.uk,311-931-2611,3570542968716204,jcb,2025-02-14,Kunde-Lehner
614,Constantia,Shmyr,cshmyrh1@cyberchimps.com,728-216-6012,3555043945582313,jcb,2026-12-07,"Dare, Reichert and Bednar"
615,Mirna,Smalcombe,msmalcombeh2@ucsd.edu,267-527-0131,6759328486802320,maestro,2025-09-16,"Waters, Parker and Bahringer"
616,Stephenie,Londesborough,slondesboroughh3@myspace.com,918-293-1792,30303193403484,diners-club-carte-blanche,2026-08-20,"Osinski, Roob and Macejkovic"
617,Sherilyn,Lorence,slorenceh4@jigsy.com,159-147-6504,372301932885942,americanexpress,2026-07-17,"Daniel, Mosciski and Kuhic"
618,Marylinda,Espinha,mespinhah5@bbb.org,186-583-9629,372301369463932,americanexpress,2025-07-26,"Koelpin, Schoen and Mayer"
619,Thekla,Ridgeway,tridgewayh6@de.vu,536-166-1085,3581561247122767,jcb,2026-07-26,Hoeger-Davis
620,Cristine,Sorey,csoreyh7@godaddy.com,508-527-0997,3553341690688083,jcb,2026-03-26,"Cummerata, Homenick and Gerlach"
621,Tabbie,Mallabar,tmallabarh8@unblog.fr,319-556-1789,3586163537898274,jcb,2026-10-15,"Kuhn, Buckridge and Olson"
622,Garrick,Friatt,gfriatth9@nba.com,571-742-1061,6334001475875757445,solo,2026-07-24,Rolfson-Tillman
623,Lorenzo,Janusik,ljanusikha@icio.us,737-721-4933,3528801537689919,jcb,2026-04-03,"Glover, Lowe and Wehner"
624,Barny,Yanne,byannehb@so-net.ne.jp,481-775-6610,3580091343729001,jcb,2026-12-19,Casper-Streich
625,Nola,Buxcey,nbuxceyhc@icio.us,653-303-1428,378693117397394,americanexpress,2026-11-27,Gutmann-Schinner
626,Dean,Sybbe,dsybbehd@hatena.ne.jp,369-940-3643,3536085418050520,jcb,2025-09-05,"Moore, Pacocha and Oberbrunner"
627,Micheline,Hallows,mhallowshe@technorati.com,913-410-2394,3556231238591278,jcb,2026-02-12,Will-Okuneva
628,Dulcinea,Darcey,ddarceyhf@hexun.com,,3562796340100475,jcb,2025-04-16,Boyle-Hirthe
629,Percival,Enrigo,penrigohg@java.com,848-595-5872,3538222978494115,jcb,2025-12-08,"Schumm, Davis and Wintheiser"
630,Haze,Primarolo,hprimarolohh@about.com,279-961-0001,50201205486484642,maestro,2025-01-04,Larkin-Hauck
631,Barry,Knobell,bknobellhi@topsy.com,715-260-0795,5594481044892563,diners-club-us-ca,2026-09-04,Lang-Little
632,Evanne,Scatcher,escatcherhj@ox.ac.uk,119-403-0645,30378739633513,diners-club-carte-blanche,2026-11-24,"Baumbach, Koelpin and O'Connell"
633,Alistair,Loggie,aloggiehk@cornell.edu,619-109-4401,5602214504317080,bankcard,2026-07-19,Yundt-Streich
634,Maribeth,Hutchinges,mhutchingeshl@weibo.com,110-373-9309,6304293515424255290,laser,2025-10-20,"Waters, Cole and Bernhard"
635,Frayda,Seagar,fseagarhm@blogtalkradio.com,385-114-8577,,instapayment,2025-04-17,Reinger and Sons
636,Charlotta,Autry,cautryhn@zimbio.com,265-444-2960,5002358264975755,mastercard,2025-02-07,"Stokes, Waters and Abernathy"
637,Marylee,Toffolini,mtoffoliniho@wsj.com,531-797-5028,3568934204383101,jcb,2025-12-14,Hansen Inc
638,Vidovic,Clardge,,177-486-2741,3543298499698148,jcb,2026-03-07,Runolfsson-Stroman
639,Ellynn,Shaves,eshaveshq@buzzfeed.com,699-621-3543,30043755583717,diners-club-carte-blanche,2025-04-13,Wolf-Fritsch
640,Chelsae,Lesaunier,clesaunierhr@berkeley.edu,334-154-3858,3562913595563394,jcb,2026-09-05,Rempel LLC
641,Chrystal,Shade,cshadehs@mashable.com,618-204-3145,5421105616218456,mastercard,2025-01-25,"Brown, Toy and Howell"
642,Vivien,Chalcot,vchalcotht@godaddy.com,467-209-8598,561047931446127377,china-unionpay,2026-10-16,Watsica-Kemmer
643,Felicia,Duffie,fduffiehu@bandcamp.com,516-452-2613,3553469675782108,jcb,2026-10-09,DuBuque-Ankunding
644,Bordy,Jodlowski,bjodlowskihv@pcworld.com,369-772-7476,3570111923802135,jcb,2025-10-08,Rutherford LLC
645,Drusy,Winchcombe,dwinchcombehw@slashdot.org,848-306-8931,3533646202828422,jcb,2025-10-18,Hirthe LLC
646,Jennilee,Tummons,jtummonshx@woothemes.com,774-451-1871,3542098881149697,jcb,2025-12-18,"Schimmel, Kerluke and Nienow"
647,Katheryn,Bruckenthal,kbruckenthalhy@vinaora.com,120-715-2134,3550346543689942,jcb,2026-09-26,Heaney-Deckow
648,Penny,Blunsen,pblunsenhz@washingtonpost.com,339-355-5228,3574766425093818,jcb,2026-04-21,Miller Group
649,Lyndsie,Parfett,lparfetti0@mayoclinic.com,746-631-1035,3586865829727918,jcb,2026-04-02,Tromp-Pagac
650,Jephthah,Veysey,,214-550-4678,4405387706402199,visa-electron,2025-06-06,Moore-Shanahan
651,Mallissa,O'Flannery,moflanneryi2@constantcontact.com,576-247-8420,30060418634422,diners-club-carte-blanche,2026-05-09,Runolfsdottir-Quitzon
652,Grata,Josefowicz,gjosefowiczi3@examiner.com,719-233-9793,560225085673255058,china-unionpay,2026-12-19,Cormier-Herzog
653,Saloma,Crissil,scrissili4@wired.com,823-491-7466,675971665313049722,maestro,2025-04-11,Gusikowski Group
654,Brynne,Scholefield,bscholefieldi5@ebay.com,685-186-9621,3552355145310748,jcb,2026-11-17,Ledner Group
655,Rosco,Ellingham,rellinghami6@noaa.gov,316-432-8622,3570931400046058,jcb,2026-07-11,"Block, Beatty and Dare"
656,Serena,Woodfield,swoodfieldi7@odnoklassniki.ru,435-999-2330,5241400939817318,mastercard,2026-04-10,"Zieme, Ebert and Hyatt"
657,Tildy,Collinette,tcollinettei8@merriam-webster.com,915-100-0391,676368835585829056,maestro,2025-07-25,Jones-Abbott
658,Fredric,Benini,fbeninii9@rediff.com,850-279-7141,3549071872756153,jcb,2025-10-19,"Pfeffer, Stokes and Padberg"
659,Marcie,MacNeilley,mmacneilleyia@google.fr,502-209-6732,3561609079631167,jcb,2026-03-03,Fahey and Sons
660,Leslie,Stickel,lstickelib@smugmug.com,382-126-5574,5641827798772232555,switch,2025-08-17,Predovic Inc
661,Stoddard,McJarrow,smcjarrowic@army.mil,,6385755420952674,instapayment,2026-09-26,Moen-Corwin
662,Ernest,Sanchiz,esanchizid@gnu.org,497-490-3347,201596838391732,diners-club-enroute,2025-02-01,"Hickle, Feeney and Weissnat"
663,Jeanine,Gisbye,jgisbyeie@reddit.com,,5018694648740262005,maestro,2025-02-10,Kerluke LLC
664,Johnathon,Elsmere,jelsmereif@umich.edu,832-994-7261,3576120035696925,jcb,2026-02-17,Botsford-Ondricka
665,Jocelyn,Frome,jfromeig@sogou.com,811-792-2366,3568528598859740,jcb,2025-05-14,"Fritsch, Anderson and Welch"
666,Gan,Cochern,gcochernih@techcrunch.com,624-140-9603,3584619762547680,jcb,2026-11-09,"Abernathy, O'Keefe and O'Kon"
667,Benson,Mc Giffin,bmcgiffinii@latimes.com,614-969-8669,3531360528203938,jcb,2026-02-01,"Ratke, Haag and Ziemann"
668,Georgi,Halloran,,458-946-4447,4405606064327544,visa-electron,2026-08-16,Hickle-Schumm
669,Fanchon,Mote,fmoteik@hatena.ne.jp,594-375-8268,3554636811990865,jcb,2026-09-07,Ruecker Inc
670,Gwennie,Hugnin,,625-663-9595,3586653435908290,jcb,2025-09-21,Brown-Kshlerin
671,Georgetta,Gissing,ggissingim@vinaora.com,430-224-2817,373305738457367,americanexpress,2026-02-20,Willms Group
672,Delcine,Scowcraft,,195-729-1596,6372923856728233,instapayment,2026-02-17,Connelly-Funk
673,Rhianon,Doncaster,rdoncasterio@harvard.edu,754-876-4224,3540653267636741,jcb,2026-09-08,Walker-Brown
674,Lilllie,Lilloe,llilloeip@apple.com,346-813-9373,30000622249849,diners-club-carte-blanche,2026-07-21,Lehner-Altenwerth
675,Rossy,Ellerker,rellerkeriq@vinaora.com,853-325-3692,4151933167944363,visa,2025-02-24,"Williamson, Nienow and Kunze"
676,Basia,Firidolfi,bfiridolfiir@tinyurl.com,,30081510428638,diners-club-carte-blanche,2025-07-02,Gottlieb and Sons
677,Mordy,Shovlin,mshovlinis@blogspot.com,186-383-9273,3544090061018428,jcb,2025-09-03,"Marks, Erdman and Marquardt"
678,Sam,Baggallay,sbaggallayit@t-online.de,944-583-9039,3567061507578178,jcb,2026-09-13,"Heller, Crist and Halvorson"
679,Laverne,Dimitriev,ldimitrieviu@theatlantic.com,257-701-1334,372301449777913,americanexpress,2026-11-07,"Bergnaum, Gutmann and Ritchie"
680,Ina,Jarrard,ijarrardiv@vk.com,572-155-2596,3562939969480410,jcb,2025-03-10,Legros-Lang
681,Danny,Davidge,ddavidgeiw@nhs.uk,677-135-4960,3576102719377469,jcb,2025-12-25,"DuBuque, Wilderman and Lebsack"
682,Lani,McCunn,lmccunnix@cargocollective.com,734-594-7013,4017957418536,visa,2026-10-21,"Gutkowski, Smith and Murray"
683,Adolphus,Mayzes,amayzesiy@youtu.be,865-130-3439,5010129814895953,mastercard,2026-10-09,Purdy-Swift
684,Sherline,Deeman,sdeemaniz@jugem.jp,816-955-6204,3529537255794163,jcb,2025-09-22,"Reichel, Welch and Cummings"
685,Adel,Sprackling,aspracklingj0@walmart.com,,3529327836856370,jcb,2026-11-07,"Abernathy, Torphy and Quigley"
686,Koren,Wadsworth,kwadsworthj1@4shared.com,633-313-8302,3568135041682990,jcb,2026-04-09,Koelpin LLC
687,Suki,Purseglove,spurseglovej2@sohu.com,603-830-8943,3560958434865312,jcb,2026-06-24,Nienow LLC
688,Genovera,Piletic,gpileticj3@merriam-webster.com,933-288-7556,30280338798871,diners-club-carte-blanche,2026-02-11,"Kessler, Hane and O'Kon"
689,Nicole,Knowler,nknowlerj4@bing.com,113-768-6854,3558008044448606,jcb,2026-10-27,Grant Group
690,Kalie,Stoyell,kstoyellj5@ning.com,771-555-0332,3552270370543691,jcb,2025-06-21,"Konopelski, Jenkins and Howell"
691,Lesli,Sibley,lsibleyj6@wp.com,808-589-9599,374288014198393,americanexpress,2025-01-01,Lehner LLC
692,Filide,Chamberlin,fchamberlinj7@blogtalkradio.com,222-665-5764,4936139948538464,switch,2025-04-10,Swift-Kling
693,Kirby,Halstead,khalsteadj8@shareasale.com,273-410-5122,501859434714710175,maestro,2026-02-07,Larson Inc
694,Ursula,Drake,udrakej9@washington.edu,588-381-2073,5010123298603215,mastercard,2026-04-21,Torp-Connelly
695,Sandor,Milmoe,smilmoeja@facebook.com,571-981-4337,630416573034807832,laser,2026-08-19,Parisian-Powlowski
696,Silvia,Sindall,ssindalljb@purevolume.com,876-266-6262,3559207271404352,jcb,2026-11-06,Rodriguez Inc
697,Crin,Selwood,cselwoodjc@digg.com,378-189-8278,36079404293518,diners-club-international,2026-02-16,Leannon-Williamson
698,Adolphe,Szepe,aszepejd@irs.gov,791-834-0211,3532629942308336,jcb,2026-08-13,"Dooley, Christiansen and Lowe"
699,Gaspard,Labusquiere,glabusquiereje@feedburner.com,765-430-1142,6398690627617926,instapayment,2025-03-16,"Nader, Towne and O'Hara"
700,Maude,Shortcliffe,mshortcliffejf@fc2.com,228-218-5685,6399570704985736,instapayment,2025-04-26,Auer-Rath
